ID,Barcode,Nombre,UsageType (Masculino/Femenino/Universal),TargetAnatomy (Prostata/Clitoris/Vaginal/Anal/Universal),StimulationType (Vibracion/Succion/Empuje/Calentamiento/Interactivo),MotorLogic (Single Channel/Dual Channel),DB_Id,RealTitle,Pics,CateId,Qrcode,SupportedFuncs,Wireless,FactoryId,IsEncrypt,IsPrecise,BroadcastPrefix,BleName
8001,8001,SJH-011,Universal,Anal,Vibración,Dual Channel (0xD + 0xA),0,SJH-011,https://image.zlmicro.com/images/product/20230610/20230610114525834.png,10,https://image.zlmicro.com/images/product/qrcode/8001.png,classic|explore|finger|game|intera|music|shake|video,2.4G,157,No,0-255,77 62 4d 53 45,
8004,8004,AP29,Universal,Anal,Vibración,Dual Channel (0xD + 0xA),0,AP29,https://image.zlmicro.com/images/product/20220902/20220902110232083.jpg,13,https://image.zlmicro.com/images/product/qrcode/8004.png,classic|explore|finger|game|intera|music|shake|video,2.4G,132,No,0-255,77 62 4d 53 45,
8005,8005,Dispositivo 8005,Universal,Anal,Interactivo,Dual Channel (0xD + 0xA),0, ,https://image.zlmicro.com/images/product/20221024/20221024165444991.jpg,3,https://image.zlmicro.com/images/product/qrcode/8005.png,classic|explore|finger|game|intera|music|shake|video,2.4G,143,No,0-255,77 62 4d 53 45,
8008,8008,AATD003,Universal,Anal,Interactivo,Dual Channel (0xD + 0xA),0,,https://image.zlmicro.com/images/product/20251104/20251104112711977.png,3,https://image.zlmicro.com/images/product/20251104/202511041127266688008.png,classic|finger|game|intera|music|shake|video,2.4G,6,No,0-255,77 62 4d 53 45,
8009,8009,若拉2代,Universal,Anal,Interactivo,Dual Channel (0xD + 0xA),0,若拉2代,https://image.zlmicro.com/images/product/20221124/20221124105909735.png,3,https://image.zlmicro.com/images/product/qrcode/8009.png,classic|explore|finger|game|intera|music|shake|video,2.4G,20,No,0-255,77 62 4d 53 45,
8010,8010,ZAZD048,Universal,Anal,Interactivo,Dual Channel (0xD + 0xA),0,,https://image.zlmicro.com/images/product/20240611/20240611140342404.png,2,https://image.zlmicro.com/images/product/qrcode/8010.png,classic|explore|finger|game|intera|music|shake|video,2.4G,27,No,Estándar,77 62 4d 53 45,
8017,8017,AAFJ066,Universal,Anal,Interactivo,Dual Channel (0xD + 0xA),0,,https://image.zlmicro.com/images/product/20231219/20231219110545268.png,1,https://image.zlmicro.com/images/product/qrcode/8017.png,classic|explore|finger|game|intera|music|shake|video,2.4G,265,No,0-255,77 62 4d 53 45,
8021,8021,ZACD004,Universal,Anal,Interactivo,Dual Channel (0xD + 0xA),0,,https://image.zlmicro.com/images/product/20250806/20250806173115870.png,7,https://image.zlmicro.com/images/product/20250806/202508061731213588021.png,classic|finger|game|intera|music|shake|video,2.4G,371,No,0-255,77 62 4d 53 45,
8028,8028,A01-034A,Universal,Anal,Interactivo,Dual Channel (0xD + 0xA),0,A01-034A,https://image.zlmicro.com/images/product/20230111/20230111160000224.png,4,https://image.zlmicro.com/images/product/qrcode/8028.png,classic|explore|finger|game|intera|music|shake|video,2.4G,129,No,0-255,77 62 4d 53 45,
8029,8029,MM003,Universal,Anal,Vibración,Dual Channel (0xD + 0xA),0,MM003,https://image.zlmicro.com/images/product/20230302/20230302110402552.jpg,13,https://image.zlmicro.com/images/product/qrcode/8029.png,classic|explore|finger|game|intera|music|shake|video,2.4G,149,No,Estándar,77 62 4d 53 45,
8032,8032,HB-1816,Universal,Anal,Interactivo,Dual Channel (0xD + 0xA),0,HB-1816,https://image.zlmicro.com/images/product/20220429/20220429142859777.png,3,https://image.zlmicro.com/images/product/qrcode/8032.png,classic|explore|finger|game|intera|music|shake|video,2.4G,107,No,0-255,77 62 4d 53 45,
8033,8033,MNSJ001,Universal,Anal,Vibración,Dual Channel (0xD + 0xA),0,,https://image.zlmicro.com/images/product/20250415/20250415165418519.jpg,10,https://image.zlmicro.com/images/product/20250415/202504151654260098033.png,classic|finger|game|intera|music|shake|video,2.4G,107,No,0-255,77 62 4d 53 45,
8035,8035,AAZD173,Universal,Anal,Interactivo,Dual Channel (0xD + 0xA),0,,https://image.zlmicro.com/images/product/20250519/20250519165851065.jpg,2,https://image.zlmicro.com/images/product/20250519/202505191658580838035.png,classic|finger|game|intera|music|shake|video,2.4G,93,No,0-255,77 62 4d 53 45,
8037,8037,AATD293,Universal,Anal,Interactivo,Dual Channel (0xD + 0xA),0,,https://image.zlmicro.com/images/product/20230428/20230428115836136.png,3,https://image.zlmicro.com/images/product/qrcode/8037.png,classic|explore|finger|game|intera|music|shake|video,2.4G,93,No,0-255,77 62 4d 53 45,
8039,8039,AAGS023,Universal,Anal,Vibración,Dual Channel (0xD + 0xA),0,,https://image.zlmicro.com/images/product/20230307/20230307154359518.png,13,https://image.zlmicro.com/images/product/qrcode/8039.png,classic|explore|finger|game|intera|music|shake|video,2.4G,149,No,Estándar,77 62 4d 53 45,
8040,8040,XMan030(CD-C2)-M,Universal,Anal,Interactivo,Dual Channel (0xD + 0xA),0,XMan030(CD-C2)-M,https://image.zlmicro.com/images/product/20240102/20240102103929114.png,4,https://image.zlmicro.com/images/product/qrcode/8040.png,classic|explore|finger|game|intera|music|shake|video,2.4G,77,No,0-255,77 62 4d 53 45,
8041,8041,RAHT007,Universal,Anal,Interactivo,Dual Channel (0xD + 0xA),0,,https://image.zlmicro.com/images/product/20230629/20230629092716312.png,4,https://image.zlmicro.com/images/product/qrcode/8041.png,classic|explore|finger|game|intera|music|shake|video,2.4G,35,No,0-255,77 62 4d 53 45,
8042,8042,GM006,Universal,Anal,Interactivo,Dual Channel (0xD + 0xA),0,GM006,https://image.zlmicro.com/images/product/20230208/20230208114816961.jpg,3,https://image.zlmicro.com/images/product/qrcode/8042.png,classic|explore|finger|game|intera|music|shake|video,2.4G,110,No,0-255,77 62 4d 53 45,
8044,8044,AASJ232,Universal,Anal,Vibración,Dual Channel (0xD + 0xA),0,,https://image.zlmicro.com/images/product/20250307/20250307172833813.jpg,10,https://image.zlmicro.com/images/product/qrcode/8044.png,classic|finger|game|intera|music|shake|video,2.4G,82,No,0-255,77 62 4d 53 45,
8045,8045,AASJ258,Universal,Anal,Vibración,Dual Channel (0xD + 0xA),0,,https://image.zlmicro.com/images/product/20250604/20250604135852055.png,10,https://image.zlmicro.com/images/product/20250604/202506041359002258045.png,classic|finger|game|intera|music|shake|video,2.4G,253,No,0-255,77 62 4d 53 45,
8053,8053,JY021,Universal,Anal,Interactivo,Dual Channel (0xD + 0xA),0,JY021,https://image.zlmicro.com/images/product/20220517/20220517142552998.png,3,https://image.zlmicro.com/images/product/qrcode/8053.png,classic|explore|finger|game|intera|music|shake|video|voice,2.4G,53,No,0-255,77 62 4d 53 45,
8055,8055,AATD546,Universal,Anal,Interactivo,Dual Channel (0xD + 0xA),0,,https://image.zlmicro.com/images/product/20240418/20240418093551537.jpg,3,https://image.zlmicro.com/images/product/qrcode/8055.png,classic|explore|finger|game|intera|music|shake|video,2.4G,290,No,0-255,77 62 4d 53 45,
8070,8070,YCTD017,Universal,Anal,Interactivo,Dual Channel (0xD + 0xA),0,,https://image.zlmicro.com/images/product/20231107/20231107133406487.png,3,https://image.zlmicro.com/images/product/qrcode/8070.png,classic|explore|finger|game|intera|music|shake|video,2.4G,48,No,0-255,77 62 4d 53 45,
8071,8071,WB-0822B,Universal,Anal,Interactivo,Dual Channel (0xD + 0xA),0,WB-0822B,https://image.zlmicro.com/images/product/20230914/20230914093715613.png,3,https://image.zlmicro.com/images/product/qrcode/8071.png,classic|explore|finger|game|intera|music|shake|video,2.4G,77,No,0-255,77 62 4d 53 45,
8073,8073,ROCKET,Universal,Anal,Interactivo,Dual Channel (0xD + 0xA),0,ROCKET,https://image.zlmicro.com/images/product/20230331/20230331105244845.png,3,https://image.zlmicro.com/images/product/qrcode/8073.png,classic|explore|finger|game|intera|music|shake|video,BLE,192,No,0-255,77 62 4d 53 45,ROCKET
8075,8075,AATD652,Universal,Anal,Interactivo,Dual Channel (0xD + 0xA),0,,https://image.zlmicro.com/images/product/20240827/20240827103203952.png,3,https://image.zlmicro.com/images/product/qrcode/8075.png,classic|explore|finger|game|intera|music|shake|video,2.4G,169,No,0-255,77 62 4d 53 45,
8078,8078,Osito,Universal,Anal,Interactivo,Dual Channel (0xD + 0xA),0,小熊,https://image.zlmicro.com/images/product/20230609/20230609113530617.png,3,https://image.zlmicro.com/images/product/qrcode/8078.png,classic|explore|finger|game|intera|music|shake|video,2.4G,131,No,0-255,77 62 4d 53 45,
8080,8080,AAGS036,Universal,Anal,Vibración,Dual Channel (0xD + 0xA),0,,https://image.zlmicro.com/images/product/20230512/20230512103145744.png,13,https://image.zlmicro.com/images/product/qrcode/8080.png,classic|explore|finger|game|intera|music|shake|video,2.4G,149,No,0-255,77 62 4d 53 45,
8083,8083,YEHT022,Universal,Anal,Interactivo,Dual Channel (0xD + 0xA),0,,https://image.zlmicro.com/images/product/20231114/20231114094845723.jpg,4,https://image.zlmicro.com/images/product/qrcode/8083.png,classic|explore|finger|game|intera|music|shake|video,2.4G,14,No,0-255,77 62 4d 53 45,
8084,8084,RC-APP-04,Universal,Anal,Interactivo,Dual Channel (0xD + 0xA),0,RC-APP-04,https://image.zlmicro.com/images/product/20220331/20220331133706317.png,4,https://image.zlmicro.com/images/product/qrcode/8084.png,classic|explore|finger|game|intera|music|shake|video,2.4G,65,No,0-255,77 62 4d 53 45,
8088,8088,S5玫瑰花,Universal,Anal,Interactivo,Dual Channel (0xD + 0xA),0,S5玫瑰花,https://image.zlmicro.com/images/product/20220304/20220304143428741.png,1,https://image.zlmicro.com/images/product/qrcode/8088.png,classic|explore|finger|game|intera|music|shake|video,BLE,0,No,Estándar,77 62 4d 53 45,
8089,8089,艾余CL1910,Universal,Anal,Interactivo,Dual Channel (0xD + 0xA),0,艾余CL1910,https://image.zlmicro.com/images/product/20211014/20211014113241303.png,3,https://image.zlmicro.com/images/product/qrcode/8089.png,classic|explore|finger|game|intera|music|video,2.4G,50,No,0-255,77 62 4b 96 65,
8093,8093,AAFJ098,Universal,Anal,Interactivo,Dual Channel (0xD + 0xA),0,,https://image.zlmicro.com/images/product/20241121/20241121143314998.png,1,https://image.zlmicro.com/images/product/qrcode/8093.png,classic|explore|finger|game|intera|music|shake|video|voice,2.4G,30,No,0-255,77 62 4d 53 45,
8095,8095,ZAHT095,Universal,Anal,Interactivo,Dual Channel (0xD + 0xA),0,,https://image.zlmicro.com/images/product/20250403/20250403161404187.png,4,https://image.zlmicro.com/images/product/20250403/202504031614175868095.png,classic|finger|game|intera|music|shake|video,2.4G,22,No,0-255,77 62 4d 53 45,
8097,8097,ZAGS024,Universal,Anal,Vibración,Dual Channel (0xD + 0xA),0,,https://image.zlmicro.com/images/product/20241210/20241210094448475.jpg,13,https://image.zlmicro.com/images/product/qrcode/8097.png,classic|explore|finger|game|intera|music|shake|video,2.4G,32,No,0-255,77 62 4d 53 45,
8099,8099,AAFJ102,Universal,Anal,Interactivo,Dual Channel (0xD + 0xA),0,,https://image.zlmicro.com/images/product/20241206/20241206162818125.png,1,https://image.zlmicro.com/images/product/qrcode/8099.png,classic|explore|finger|game|intera|music|shake|video|voice,2.4G,116,No,0-255,77 62 4d 53 45,
8100,8100,AASJ267,Universal,Anal,Vibración,Dual Channel (0xD + 0xA),0,,https://image.zlmicro.com/images/product/20250626/20250626102454180.png,10,https://image.zlmicro.com/images/product/20250626/202506261025022518100.png,classic|finger|game|intera|music|shake|video,2.4G,362,No,0-255,77 62 4d 53 45,
8101,8101,ZAGS013,Universal,Anal,Vibración,Dual Channel (0xD + 0xA),0,,https://image.zlmicro.com/images/product/20240111/20240111161022392.png,13,https://image.zlmicro.com/images/product/qrcode/8101.png,classic|explore|finger|game|intera|music|shake|video,2.4G,118,No,0-255,77 62 4d 53 45,
8104,8104,AATD616,Universal,Anal,Interactivo,Dual Channel (0xD + 0xA),0,,https://image.zlmicro.com/images/product/20240807/20240807103904768.png,3,https://image.zlmicro.com/images/product/qrcode/8104.png,classic|explore|finger|game|intera|music|shake|video,2.4G,48,No,0-255,77 62 4d 53 45,
8107,8107,AAZD023,Universal,Anal,Interactivo,Dual Channel (0xD + 0xA),0,,https://image.zlmicro.com/images/product/20230311/20230311095510137.png,2,https://image.zlmicro.com/images/product/qrcode/8107.png,classic|explore|finger|game|intera|music|shake|video,2.4G,177,No,0-255,77 62 4d 53 45,
8109,8109,谦度TD001,Universal,Anal,Interactivo,Dual Channel (0xD + 0xA),0,,https://image.zlmicro.com/images/product/20260202/20260202173859650.jpg,3,https://zlmicro.oss-cn-shenzhen.aliyuncs.com/images/qrcode/8109.png,classic|finger|game|intera|music|shake|video,2.4G,0,No,0-255,77 62 4d 53 45,
8110,8110,R3,Femenino,Anal,Interactivo,Dual Channel (0xD + 0xA),0,R3,https://image.zlmicro.com/images/product/20230608/20230608145117967.png,4,https://image.zlmicro.com/images/product/qrcode/8110.png,classic|explore|finger|game|heating|intera|music|shake|video,2.4G,8,No,0-255,77 62 4d 53 45,
8111,8111,AAPJ008,Universal,Anal,Interactivo,Dual Channel (0xD + 0xA),0,,https://image.zlmicro.com/images/product/20251222/20251222094659715.png,9,https://image.zlmicro.com/images/product/20251222/202512220948003008111.png,classic|finger|game|intera|music|shake|video,2.4G,227,No,0-255,77 62 4d 53 45,
8112,8112,AAFJ105,Universal,Anal,Interactivo,Dual Channel (0xD + 0xA),0,,https://image.zlmicro.com/images/product/20250306/20250306113100870.jpg,1,https://image.zlmicro.com/images/product/qrcode/8112.png,classic|finger|game|intera|music|shake|video,2.4G,176,No,Estándar,77 62 4d 53 45,
8114,8114,AAQLX003,Universal,Anal,Interactivo,Dual Channel (0xD + 0xA),0,,https://image.zlmicro.com/images/product/20260106/20260106101513114.png,16,https://image.zlmicro.com/images/product/20260105/202601051410567208114.png,classic|finger|game|intera|music|shake|video,2.4G,255,No,0-255,77 62 4d 53 45,
8122,8122,MATD021,Universal,Anal,Interactivo,Dual Channel (0xD + 0xA),0,,https://image.zlmicro.com/images/product/20241008/20241008161751291.png,3,https://image.zlmicro.com/images/product/qrcode/8122.png,classic|explore|finger|game|intera|music|shake|video,2.4G,8,No,0-255,77 62 4d 53 45,
8124,8124,AASJ103,Universal,Anal,Vibración,Dual Channel (0xD + 0xA),0,,https://image.zlmicro.com/images/product/20230712/20230712101148350.png,10,https://image.zlmicro.com/images/product/qrcode/8124.png,classic|explore|finger|game|intera|music|shake|video,2.4G,202,No,0-255,77 62 4d 53 45,
8125,8125,AAHT126,Universal,Anal,Interactivo,Dual Channel (0xD + 0xA),0,,https://image.zlmicro.com/images/product/20230426/20230426170804578.png,4,https://image.zlmicro.com/images/product/qrcode/8125.png,classic|explore|finger|game|intera|music|shake|video,2.4G,207,No,0-255,77 62 4d 53 45,
8127,8127,AATD465,Universal,Anal,Interactivo,Dual Channel (0xD + 0xA),0,,https://image.zlmicro.com/images/product/20231202/20231202153011885.png,3,https://image.zlmicro.com/images/product/qrcode/8127.png,classic|explore|finger|game|intera|music|shake|video,2.4G,20,No,0-255,77 62 4d 53 45,
8129,8129,AASJ077,Universal,Anal,Vibración,Dual Channel (0xD + 0xA),0,,https://image.zlmicro.com/images/product/20230202/20230202093704921.png,10,https://image.zlmicro.com/images/product/qrcode/8129.png,classic|explore|finger|game|intera|music|shake|video,2.4G,0,No,0-255,77 62 4d 53 45,
8131,8131,YCGS001,Universal,Anal,Vibración,Dual Channel (0xD + 0xA),0,,https://image.zlmicro.com/images/product/20230203/20230203100705391.png,13,https://image.zlmicro.com/images/product/qrcode/8131.png,classic|explore|finger|game|intera|music|shake|video,2.4G,149,No,Estándar,77 62 4d 53 45,
8144,8144,TD001,Universal,Anal,Interactivo,Dual Channel (0xD + 0xA),0,,https://image.zlmicro.com/images/product/20250625/20250625111638817.jpg,3,https://image.zlmicro.com/images/product/20250623/202506231432454398144.png,classic|finger|game|intera|music|shake|video,2.4G,132,No,0-255,77 62 4d 53 45,
8148,8148,HCTC-SJH011,Universal,Anal,Vibración,Dual Channel (0xD + 0xA),0,HCTC-SJH011,https://image.zlmicro.com/images/product/20230519/20230519114325370.png,10,https://image.zlmicro.com/images/product/qrcode/8148.png,classic|explore|finger|game|intera|music|shake|video,2.4G,157,No,0-255,77 62 4d 53 45,
8153,8153,AATD734,Universal,Anal,Interactivo,Dual Channel (0xD + 0xA),0,,https://image.zlmicro.com/images/product/20241213/20241213113841945.png,3,https://image.zlmicro.com/images/product/qrcode/8153.png,classic|explore|finger|game|intera|music|shake|video,2.4G,257,No,Estándar,77 62 4d 53 45,
8154,8154,骑士3号,Universal,Anal,Vibración,Dual Channel (0xD + 0xA),0,骑士3号,https://image.zlmicro.com/images/product/20240920/20240920102355033.png,13,https://image.zlmicro.com/images/product/qrcode/8154.png,classic|explore|finger|game|intera|music|shake|video,2.4G,253,No,0-255,77 62 4d 53 45,
8155,8155,0067,Universal,Anal,Vibración,Dual Channel (0xD + 0xA),0,0067,https://image.zlmicro.com/images/product/20230327/20230327133739797.jpg,13,https://image.zlmicro.com/images/product/qrcode/8155.png,classic|explore|finger|game|intera|music|shake|video,2.4G,0,No,0-255,77 62 4d 53 45,
8157,8157,AAHT187,Universal,Anal,Interactivo,Dual Channel (0xD + 0xA),0,,https://image.zlmicro.com/images/product/20230829/20230829104414163.png,4,https://image.zlmicro.com/images/product/qrcode/8157.png,classic|explore|finger|game|intera|music|shake|video,2.4G,167,No,0-255,77 62 4d 53 45,
8158,8158,AAHT002,Universal,Anal,Interactivo,Dual Channel (0xD + 0xA),0,,https://image.zlmicro.com/images/product/20251117/20251117163911011.jpg,4,https://image.zlmicro.com/images/product/20251117/202511171639148708158.png,classic|finger|game|intera|music|shake|video,2.4G,389,No,0-255,77 62 4d 53 45,
8159,8159,AAHT002,Universal,Anal,Interactivo,Dual Channel (0xD + 0xA),0,,https://image.zlmicro.com/images/product/20260227/20260227173737375.png,4,https://image.zlmicro.com/images/product/20260227/202602271736194718159.png,classic|finger|game|intera|music|shake|video,2.4G,158,No,0-255,77 62 4d 53 45,
8170,8170,ZAYJ030,Universal,Anal,Interactivo,Dual Channel (0xD + 0xA),0,,https://image.zlmicro.com/images/product/20240806/20240806154235582.png,8,https://image.zlmicro.com/images/product/qrcode/8170.png,classic|explore|finger|game|intera|music|shake|video,2.4G,221,No,0-255,77 62 4d 53 45,
8172,8172,ZAZD005,Universal,Anal,Interactivo,Dual Channel (0xD + 0xA),0,,https://image.zlmicro.com/images/product/20230801/20230801163828567.jpg,2,https://image.zlmicro.com/images/product/qrcode/8172.png,classic|customer_game|explore|finger|game|intera|music|shake|video,2.4G,221,No,Estándar,77 62 4d 53 45,
8182,8182,186,Universal,Anal,Interactivo,Dual Channel (0xD + 0xA),0,186,https://image.zlmicro.com/images/product/20221208/20221208103433221.png,3,https://image.zlmicro.com/images/product/qrcode/8182.png,classic|explore|finger|game|intera|music|shake|video,2.4G,165,No,0-255,77 62 4d 53 45,
8185,8185,ZAHT071,Universal,Anal,Interactivo,Dual Channel (0xD + 0xA),0,,https://image.zlmicro.com/images/product/20240814/20240814094356486.png,4,https://image.zlmicro.com/images/product/qrcode/8185.png,classic|explore|finger|game|intera|music|shake|video,2.4G,221,No,Estándar,77 62 4d 53 45,
8187,8187,AAZD170,Universal,Anal,Interactivo,Dual Channel (0xD + 0xA),0,,https://image.zlmicro.com/images/product/20250509/20250509155057123.jpg,2,https://image.zlmicro.com/images/product/20250509/202505091551011238187.png,classic|finger|game|intera|music|shake|video|voice,2.4G,348,No,0-255,77 62 4d 53 45,
8188,8188,AASJ209,Universal,Anal,Vibración,Dual Channel (0xD + 0xA),0,,https://image.zlmicro.com/images/product/20241028/20241028150156909.jpg,10,https://image.zlmicro.com/images/product/qrcode/8188.png,classic|explore|finger|game|intera|music|shake|video|voice,2.4G,325,No,0-255,77 62 4d 53 45,
8190,8190,谦度TD001,Universal,Anal,Interactivo,Dual Channel (0xD + 0xA),0,,https://image.zlmicro.com/images/product/20260120/20260120140140963.jpg,3,https://image.zlmicro.com/images/product/20260120/202601201401479888190.png,classic|finger|game|intera|music|shake|video,2.4G,0,No,0-255,77 62 4d 53 45,
8191,8191,AAZD210,Universal,Anal,Interactivo,Dual Channel (0xD + 0xA),0,,https://image.zlmicro.com/images/product/20251202/20251202103449357.png,2,https://image.zlmicro.com/images/product/20251202/202512021034592058191.png,classic|finger|game|intera|music|shake|video,2.4G,274,No,0-255,77 62 4d 53 45,
8193,8193,BCTD003,Universal,Anal,Interactivo,Dual Channel (0xD + 0xA),0,,https://image.zlmicro.com/images/product/20230927/20230927094752875.png,3,https://image.zlmicro.com/images/product/qrcode/8193.png,classic|explore|finger|game|intera|music|shake|video,2.4G,243,No,0-255,77 62 4d 53 45,
8195,8195,Pequeño Cohete,Universal,Anal,Interactivo,Dual Channel (0xD + 0xA),0,小火箭,https://image.zlmicro.com/images/product/20220110/20220110155651817.png,3,https://image.zlmicro.com/images/product/qrcode/8195.png,classic|explore|finger|game|intera|music|shake|video|voice,2.4G,28,No,0-255,77 62 4d 53 45,
8201,8201,ZBTD021,Universal,Anal,Interactivo,Dual Channel (0xD + 0xA),0,,https://image.zlmicro.com/images/product/20230728/20230728104807954.png,3,https://image.zlmicro.com/images/product/qrcode/8201.png,classic|explore|finger|game|intera|music|shake|video,2.4G,48,No,0-255,77 62 4d 53 45,
8202,8202,NBQ-G209,Universal,Anal,Interactivo,Dual Channel (0xD + 0xA),0,NBQ-G209,https://image.zlmicro.com/images/product/20230407/20230407163028982.png,3,https://image.zlmicro.com/images/product/qrcode/8202.png,classic|explore|finger|game|intera|music|shake|video,2.4G,93,No,0-255,77 62 4d 53 45,
8203,8203,AATD224,Universal,Anal,Interactivo,Dual Channel (0xD + 0xA),0,,https://image.zlmicro.com/images/product/20230307/20230307160712575.png,3,https://image.zlmicro.com/images/product/qrcode/8203.png,classic|explore|finger|game|intera|music|shake|video,2.4G,145,No,0-255,77 62 4d 53 45,
8205,8205,YEHT017,Universal,Anal,Interactivo,Dual Channel (0xD + 0xA),0,,https://image.zlmicro.com/images/product/20240119/20240119113714082.png,4,https://image.zlmicro.com/images/product/qrcode/8205.png,classic|explore|finger|game|intera|music|shake|video,2.4G,14,No,0-255,77 62 4d 53 45,
8208,8208,LBTYHT001,Universal,Anal,Interactivo,Dual Channel (0xD + 0xA),0,,https://image.zlmicro.com/images/product/20260128/20260128144059083.jpg,4,https://image.zlmicro.com/images/product/20260128/202601281441055228208.png,classic|finger|game|intera|music|shake|video,2.4G,107,No,0-255,77 62 4d 53 45,
8211,8211,ZBZD006,Universal,Anal,Interactivo,Dual Channel (0xD + 0xA),0,,https://image.zlmicro.com/images/product/20240322/20240322142850294.png,2,https://image.zlmicro.com/images/product/qrcode/8211.png,classic|explore|finger|game|intera|music|shake|video,2.4G,48,No,0-255,77 62 4d 53 45,
8214,8214,YEGS005,Universal,Anal,Vibración,Dual Channel (0xD + 0xA),0,,https://image.zlmicro.com/images/product/20231114/20231114094735414.jpg,13,https://image.zlmicro.com/images/product/qrcode/8214.png,classic|explore|finger|game|intera|music|shake|video,2.4G,14,No,0-255,77 62 4d 53 45,
8215,8215,20宫格测试,Universal,Anal,Interactivo,Dual Channel (0xD + 0xA),0,20宫格测试,,0,https://image.zlmicro.com/images/product/qrcode/8215.png,classic|explore|finger|game|intera|music|shake|video,2.4G,192,No,Estándar,77 62 4d 53 45,
8218,8218,G204,Universal,Anal,Interactivo,Dual Channel (0xD + 0xA),0,G204,https://image.zlmicro.com/images/product/20220414/20220414100912546.png,3,https://image.zlmicro.com/images/product/qrcode/8218.png,classic|explore|finger|game|intera|music|shake|video|voice,2.4G,93,No,0-255,77 62 4d 53 45,
8219,8219,YJ-013,Universal,Anal,Interactivo,Dual Channel (0xD + 0xA),0,YJ-013,https://image.zlmicro.com/images/product/20230609/20230609135709864.png,4,https://image.zlmicro.com/images/product/qrcode/8219.png,classic|explore|finger|game|intera|music|shake|video,2.4G,157,No,Estándar,77 62 4d 53 45,
8221,8221,AATD608,Universal,Anal,Interactivo,Dual Channel (0xD + 0xA),0,,https://image.zlmicro.com/images/product/20240725/20240725145840412.jpg,3,https://image.zlmicro.com/images/product/qrcode/8221.png,classic|explore|finger|game|intera|music|shake|video,2.4G,303,No,0-255,77 62 4d 53 45,
8223,8223,AAGS123,Universal,Anal,Vibración,Dual Channel (0xD + 0xA),0,,https://image.zlmicro.com/images/product/20240527/20240527155150046.png,13,https://image.zlmicro.com/images/product/qrcode/8223.png,classic|explore|finger|game|intera|music|shake|video,2.4G,104,No,0-255,77 62 4d 53 45,
8225,8225,YAI707S-004,Universal,Anal,Interactivo,Dual Channel (0xD + 0xA),0,YAI707S-004,https://image.zlmicro.com/images/product/20230308/20230308151902295.png,4,https://image.zlmicro.com/images/product/qrcode/8225.png,classic|explore|finger|game|intera|music|shake|video,2.4G,14,No,Estándar,77 62 4d 53 45,
8231,8231,Mariposa Soñada,Universal,Anal,Interactivo,Dual Channel (0xD + 0xA),0,梦蝶,https://image.zlmicro.com/images/product/20250925/20250925171434779.jpg,3,https://image.zlmicro.com/images/product/20250925/202509251714392438231.png,classic|finger|game|intera|music|shake|video,2.4G,303,No,0-255,77 62 4d 53 45,
8239,8239,AAYJ081,Femenino,Anal,Interactivo,Dual Channel (0xD + 0xA),0,,https://image.zlmicro.com/images/product/20260109/20260109112203894.jpg,8,https://image.zlmicro.com/images/product/20260109/202601091122081628239.png,classic|finger|game|heating|intera|music|shake|video,2.4G,402,No,0-255,77 62 4d 53 45,
8240,8240,BCTD005,Universal,Anal,Interactivo,Dual Channel (0xD + 0xA),0,,https://image.zlmicro.com/images/product/20240111/20240111170140523.png,3,https://image.zlmicro.com/images/product/qrcode/8240.png,classic|explore|finger|game|intera|music|shake|video,2.4G,19,No,0-255,77 62 4d 53 45,
8241,8241,EW900,Universal,Anal,Interactivo,Dual Channel (0xD + 0xA),0,EW900,https://image.zlmicro.com/images/product/20230828/20230828115210211.png,3,https://image.zlmicro.com/images/product/qrcode/8241.png,classic|explore|finger|game|intera|music|shake|video,2.4G,143,No,0-255,77 62 4d 53 45,
8244,8244,ZASJ039,Universal,Anal,Vibración,Dual Channel (0xD + 0xA),0,,https://image.zlmicro.com/images/product/20240801/20240801092957141.png,10,https://image.zlmicro.com/images/product/qrcode/8244.png,classic|explore|finger|game|intera|music|shake|video,2.4G,20,No,0-255,77 62 4d 53 45,
8245,8245,YJ-012,Universal,Anal,Interactivo,Dual Channel (0xD + 0xA),0,YJ-012,https://image.zlmicro.com/images/product/20230609/20230609134644244.png,8,https://image.zlmicro.com/images/product/qrcode/8245.png,classic|explore|finger|game|intera|music|shake|video,2.4G,157,No,0-255,77 62 4d 53 45,
8247,8247,AATD003,Universal,Anal,Interactivo,Dual Channel (0xD + 0xA),0,,https://image.zlmicro.com/images/product/20260106/20260106153459668.png,3,https://image.zlmicro.com/images/product/20260106/202601061535032448247.png,classic|finger|game|intera|music|shake|video,2.4G,132,No,0-255,77 62 4d 53 45,
8248,8248,AATD003,Universal,Anal,Interactivo,Dual Channel (0xD + 0xA),0,,https://image.zlmicro.com/images/product/20250624/20250624101413560.png,3,https://image.zlmicro.com/images/product/20250624/202506241014201688248.png,classic|finger|game|intera|music|shake|video,2.4G,6,No,0-255,77 62 4d 53 45,
8249,8249,AASJ147,Universal,Anal,Vibración,Dual Channel (0xD + 0xA),0,,https://image.zlmicro.com/images/product/20231206/20231206144213392.png,10,https://image.zlmicro.com/images/product/qrcode/8249.png,classic|explore|finger|game|intera|music|shake|video,2.4G,19,No,Estándar,77 62 4d 53 45,
8252,8252,AAZD123,Universal,Anal,Interactivo,Dual Channel (0xD + 0xA),0,,https://image.zlmicro.com/images/product/20240926/20240926164132898.png,2,https://image.zlmicro.com/images/product/qrcode/8252.png,classic|explore|finger|game|intera|music|shake|video,2.4G,77,No,0-255,77 62 4d 53 45,
8253,8253,AAGS016,Universal,Anal,Vibración,Dual Channel (0xD + 0xA),0,,https://image.zlmicro.com/images/product/20221123/20221123181749935.png,13,https://image.zlmicro.com/images/product/qrcode/8253.png,classic|explore|finger|game|intera|music|shake|video,2.4G,32,No,0-255,77 62 4d 53 45,
8257,8257,ZATD084,Universal,Anal,Interactivo,Dual Channel (0xD + 0xA),0,,https://image.zlmicro.com/images/product/20250304/20250304101744669.png,3,https://image.zlmicro.com/images/product/qrcode/8257.png,classic|finger|game|intera|music|shake|video,2.4G,35,No,0-255,77 62 4d 53 45,
8258,8258,AATD704,Universal,Anal,Interactivo,Dual Channel (0xD + 0xA),0,,https://image.zlmicro.com/images/product/20241031/20241031110308215.png,3,https://image.zlmicro.com/images/product/qrcode/8258.png,classic|explore|finger|game|intera|music|shake|video,2.4G,300,No,0-255,77 62 4d 53 45,
8259,8259,AATD409,Universal,Anal,Interactivo,Dual Channel (0xD + 0xA),0,,https://image.zlmicro.com/images/product/20230906/20230906143619772.jpg,3,https://image.zlmicro.com/images/product/qrcode/8259.png,classic|explore|finger|game|intera|music|shake|video,2.4G,104,No,0-255,77 62 4d 53 45,
8271,8271,YAI707W-007    ,Universal,Anal,Interactivo,Dual Channel (0xD + 0xA),0,YAI707W-007    ,https://image.zlmicro.com/images/product/20230413/20230413102024393.jpg,3,https://image.zlmicro.com/images/product/qrcode/8271.png,classic|explore|finger|game|intera|music|shake|video,,14,No,0-255,77 62 4d 53 45,
8274,8274,JASJ001,Universal,Anal,Vibración,Dual Channel (0xD + 0xA),0,,https://image.zlmicro.com/images/product/20240911/20240911143108908.png,10,https://image.zlmicro.com/images/product/qrcode/8274.png,classic|explore|finger|game|intera|music|shake|video,2.4G,316,No,0-255,77 62 4d 53 45,
8275,8275,AATD003,Universal,Anal,Interactivo,Dual Channel (0xD + 0xA),0,,https://image.zlmicro.com/images/product/20250523/20250523161940284.png,3,https://image.zlmicro.com/images/product/20250523/202505231619446738275.png,classic|finger|game|intera|music|shake|video,2.4G,93,No,0-255,77 62 4d 53 45,
8279,8279,AATD003,Universal,Anal,Interactivo,Dual Channel (0xD + 0xA),0,,https://image.zlmicro.com/images/product/20250529/20250529103903985.png,3,https://image.zlmicro.com/images/product/20250529/202505291039153708279.png,classic|explore|finger|game|intera|music|shake|video|voice_control,2.4G,58,No,Estándar,77 62 4d 53 45,
8282,8282,HETD010,Universal,Anal,Interactivo,Dual Channel (0xD + 0xA),0,,https://image.zlmicro.com/images/product/20230901/20230901093134323.png,3,https://image.zlmicro.com/images/product/qrcode/8282.png,classic|explore|finger|game|intera|music|shake|video,2.4G,157,No,0-255,77 62 4d 53 45,
8283,8283,MATD022,Universal,Anal,Interactivo,Dual Channel (0xD + 0xA),0,,https://image.zlmicro.com/images/product/20250603/20250603152630505.png,3,https://image.zlmicro.com/images/product/20250603/202506031526354468283.png,classic|finger|game|intera|music|shake|video,2.4G,8,No,Estándar,77 62 4d 53 45,
8287,8287,YEGS014,Universal,Anal,Vibración,Dual Channel (0xD + 0xA),0,,https://image.zlmicro.com/images/product/20240112/20240112125133820.png,13,https://image.zlmicro.com/images/product/qrcode/8287.png,classic|explore|finger|game|intera|music|shake|video,2.4G,14,No,0-255,77 62 4d 53 45,
8288,8288,YG029,Femenino,Anal,Interactivo,Dual Channel (0xD + 0xA),0,YG029,https://image.zlmicro.com/images/product/20230207/20230207091357587.png,8,https://image.zlmicro.com/images/product/qrcode/8288.png,classic|explore|finger|game|heating|intera|music|shake|video,2.4G,19,No,0-255,77 62 4d 53 45,
8289,8289,AAFJ114,Femenino,Anal,Interactivo,Dual Channel (0xD + 0xA),0,,https://image.zlmicro.com/images/product/20250616/20250616095028050.png,1,https://image.zlmicro.com/images/product/20250616/202506160950336628289.png,classic|finger|game|heating|intera|music|shake|video,2.4G,156,No,Estándar,77 62 4d 53 45,
8292,8292,AAFJ108,Universal,Anal,Interactivo,Dual Channel (0xD + 0xA),0,,https://image.zlmicro.com/images/product/20250414/20250414111505318.png,1,https://image.zlmicro.com/images/product/20250414/202504141115099308292.png,classic|finger|game|intera|music|shake|video|voice,2.4G,30,No,0-255,77 62 4d 53 45,
8295,8295,AASJ295,Universal,Anal,Vibración,Dual Channel (0xD + 0xA),0,,https://image.zlmicro.com/images/product/20250911/20250911140542969.png,10,https://image.zlmicro.com/images/product/20250911/202509111405479598295.png,classic|finger|game|intera|music|shake|video,2.4G,307,No,0-255,77 62 4d 53 45,
8298,8298,AIS384,Universal,Anal,Interactivo,Dual Channel (0xD + 0xA),0,AIS384,https://image.zlmicro.com/images/product/20220825/20220825114934262.png,4,https://image.zlmicro.com/images/product/qrcode/8298.png,classic|explore|finger|game|intera|music|shake|video,2.4G,27,No,0-255,77 62 4d 53 45,
8299,8299,AAGS002,Universal,Anal,Vibración,Dual Channel (0xD + 0xA),0,,https://image.zlmicro.com/images/product/20260109/20260109155209709.jpg,13,https://image.zlmicro.com/images/product/20260109/202601091552133898299.png,classic|finger|game|intera|music|shake|video,2.4G,311,No,0-255,77 62 4d 53 45,
8301,8301,AATD460,Universal,Anal,Interactivo,Dual Channel (0xD + 0xA),0,,https://image.zlmicro.com/images/product/20231127/20231127150034647.png,3,https://image.zlmicro.com/images/product/qrcode/8301.png,classic|explore|finger|game|intera|music|shake|video,2.4G,55,No,0-255,77 62 4d 53 45,
8304,8304,277,Universal,Anal,Interactivo,Dual Channel (0xD + 0xA),0,277,https://image.zlmicro.com/images/product/20230215/20230215114101342.png,4,https://image.zlmicro.com/images/product/qrcode/8304.png,classic|explore|finger|game|intera|music|shake|video,2.4G,27,No,Estándar,77 62 4d 53 45,
8309,8309,WEYJ001,Femenino,Anal,Interactivo,Dual Channel (0xD + 0xA),0,,https://image.zlmicro.com/images/product/20230306/20230306162142007.jpg,8,https://image.zlmicro.com/images/product/qrcode/8309.png,classic|explore|finger|game|heating|intera|music|shake|video,2.4G,19,No,0-255,77 62 4d 53 45,
8311,8311,AAZD183,Universal,Anal,Interactivo,Dual Channel (0xD + 0xA),0,,https://image.zlmicro.com/images/product/20250623/20250623141443756.jpg,2,https://image.zlmicro.com/images/product/20250623/202506231414511448311.png,classic|finger|game|intera|music|shake|video|voice_control,2.4G,170,No,0-255,77 62 4d 53 45,
8312,8312,AACD006,Universal,Anal,Interactivo,Dual Channel (0xD + 0xA),0,,https://image.zlmicro.com/images/product/20250514/20250514112738485.png,7,https://image.zlmicro.com/images/product/20250514/202505141127418378312.png,classic|finger|game|intera|music|shake|video,2.4G,20,No,0-255,77 62 4d 53 45,
8313,8313,AATD003,Universal,Anal,Interactivo,Dual Channel (0xD + 0xA),0,,https://image.zlmicro.com/images/product/20260202/20260202160139597.jpg,3,https://image.zlmicro.com/images/product/20260202/202602021601461658313.png,classic|finger|game|intera|music|shake|video,2.4G,13,No,0-255,77 62 4d 53 45,
8314,8314,AAHT002,Universal,Anal,Interactivo,Dual Channel (0xD + 0xA),0,,https://image.zlmicro.com/images/product/20250423/20250423150133153.png,4,https://image.zlmicro.com/images/product/20250423/202504231501401038314.png,classic|finger|game|intera|music|shake|video,2.4G,292,No,0-255,77 62 4d 53 45,
8315,8315,AATD464,Universal,Anal,Interactivo,Dual Channel (0xD + 0xA),0,,https://image.zlmicro.com/images/product/20231202/20231202113741404.png,3,https://image.zlmicro.com/images/product/qrcode/8315.png,classic|explore|finger|game|intera|music|shake|video,2.4G,129,No,0-255,77 62 4d 53 45,
8318,8318,AATD003,Universal,Anal,Interactivo,Dual Channel (0xD + 0xA),0,,https://image.zlmicro.com/images/product/20251017/20251017152224611.png,3,https://image.zlmicro.com/images/product/20250528/202505281420579678318.png,classic|finger|game|intera|music|shake|video,2.4G,27,No,0-255,77 62 4d 53 45,
8320,8320,Huevo Saltarín Ballenita,Femenino,Anal,Interactivo,Dual Channel (0xD + 0xA),0, 小鲸鱼跳蛋,https://image.zlmicro.com/images/product/20221110/20221110113842857.png,3,https://image.zlmicro.com/images/product/qrcode/8320.png,classic|explore|finger|game|intera|music|shake|video,2.4G,48,No,0-255,77 62 4d 53 45,
8321,8321,LG-383,Femenino,Anal,Interactivo,Dual Channel (0xD + 0xA),0,LG-383,https://image.zlmicro.com/images/product/20230607/20230607103757960.jpg,1,https://image.zlmicro.com/images/product/qrcode/8321.png,classic|discharge|explore|finger|game|heating|intera|music|shake|tot|video,BLE,264,No,0-255,77 62 4d 53 45,LG-383
8322,8322,AATD749,Universal,Anal,Interactivo,Dual Channel (0xD + 0xA),0,,https://image.zlmicro.com/images/product/20250107/20250107140745719.png,3,https://image.zlmicro.com/images/product/qrcode/8322.png,classic|finger|game|intera|music|shake|video,2.4G,18,No,0-255,77 62 4d 53 45,
8323,8323,ZATD058,Universal,Anal,Interactivo,Dual Channel (0xD + 0xA),0,,https://image.zlmicro.com/images/product/20240619/20240619154330607.png,3,https://image.zlmicro.com/images/product/qrcode/8323.png,classic|explore|finger|game|intera|music|shake|video,2.4G,222,No,0-255,77 62 4d 53 45,
8327,8327,BLE KGL,Masculino,Anal,Interactivo,Dual Channel (0xD + 0xA),0,BLE KGL,https://image.zlmicro.com/images/product/20230322/20230322154925908.jpg,3,https://image.zlmicro.com/images/product/qrcode/8327.png,classic|explore|finger|game|intera|kegel|music|shake|video,BLE,192,No,0-255,77 62 4d 53 45,WB-KGL
8328,8328,ZBSJ005,Universal,Anal,Vibración,Dual Channel (0xD + 0xA),0,,https://image.zlmicro.com/images/product/20221201/20221201160135009.png,10,https://image.zlmicro.com/images/product/qrcode/8328.png,classic|explore|finger|game|intera|music|shake|video,2.4G,162,No,0-255,77 62 4d 53 45,
8329,8329,AASJ219,Universal,Anal,Vibración,Dual Channel (0xD + 0xA),0,,https://image.zlmicro.com/images/product/20241206/20241206094249528.jpg,10,https://image.zlmicro.com/images/product/qrcode/8329.png,classic|explore|finger|game|intera|music|shake|video|voice,2.4G,329,No,0-255,77 62 4d 53 45,
8330,8330,AAZD207,Universal,Anal,Interactivo,Dual Channel (0xD + 0xA),0,,https://image.zlmicro.com/images/product/20251028/20251028141930826.png,2,https://image.zlmicro.com/images/product/20251028/202510281419390638330.png,classic|finger|game|intera|music|shake|video,2.4G,118,No,0-255,77 62 4d 53 45,
8331,8331,AATD723,Universal,Anal,Interactivo,Dual Channel (0xD + 0xA),0,,https://image.zlmicro.com/images/product/20241128/20241128092659562.jpg,3,https://image.zlmicro.com/images/product/qrcode/8331.png,classic|explore|finger|game|intera|music|shake|video|voice,2.4G,30,No,0-255,77 62 4d 53 45,
8335,8335,AASJ355,Universal,Anal,Vibración,Dual Channel (0xD + 0xA),0,,https://image.zlmicro.com/images/product/20260304/20260304162940094.png,10,https://image.zlmicro.com/images/product/20260304/202603041629466978335.png,classic|finger|game|intera|music|shake|video,2.4G,152,No,0-255,77 62 4d 53 45,
8338,8338,ZAYJ031,Femenino,Anal,Interactivo,Dual Channel (0xD + 0xA),0,,https://image.zlmicro.com/images/product/20240624/20240624190042424.png,8,https://image.zlmicro.com/images/product/qrcode/8338.png,classic|explore|finger|game|heating|intera|music|shake|video,2.4G,284,No,0-255,77 62 4d 53 45,
8340,8340,AATD512,Universal,Anal,Interactivo,Dual Channel (0xD + 0xA),0,,https://image.zlmicro.com/images/product/20230418/20230418140012675.png,3,https://image.zlmicro.com/images/product/qrcode/8340.png,classic|custom_mode|explore|finger|game|intera|music|shake|tot|video,BLE,45,No,0-255,77 62 4d 53 45,UFO-TW
8341,8341,JCYJ001,Femenino,Anal,Interactivo,Dual Channel (0xD + 0xA),0,,https://image.zlmicro.com/images/product/20240620/20240620113110190.png,8,https://image.zlmicro.com/images/product/qrcode/8341.png,classic|explore|finger|game|heating|intera|music|shake|video,2.4G,213,No,0-255,77 62 4d 53 45,
8344,8344,AAHT197,Universal,Anal,Interactivo,Dual Channel (0xD + 0xA),0,,https://image.zlmicro.com/images/product/20230816/20230816133440849.png,4,https://image.zlmicro.com/images/product/qrcode/8344.png,classic|explore|finger|game|intera|music|shake|video,2.4G,180,No,0-255,77 62 4d 53 45,
8348,8348,18宫格测试公版-穿戴,Universal,Anal,Interactivo,Dual Channel (0xD + 0xA),0,18宫格测试公版-穿戴,https://image.zlmicro.com/images/product/20240410/20240410153847385.png,0,https://image.zlmicro.com/images/product/qrcode/8348.png,classic|explore|finger|game|intera|music|shake|video,2.4G,192,No,0-255,77 62 4d 53 45,
8350,8350,AATD003,Universal,Anal,Interactivo,Dual Channel (0xD + 0xA),0,,https://image.zlmicro.com/images/product/20250624/20250624101347603.png,3,https://image.zlmicro.com/images/product/20250624/202506241013599008350.png,classic|finger|game|intera|music|shake|video,2.4G,6,No,0-255,77 62 4d 53 45,
8351,8351,JASJ006,Universal,Anal,Vibración,Dual Channel (0xD + 0xA),0,,https://image.zlmicro.com/images/product/20230207/20230207153634737.png,10,https://image.zlmicro.com/images/product/qrcode/8351.png,classic|explore|finger|game|intera|music|shake|video,2.4G,103,No,0-255,77 62 4d 53 45,
8354,8354,Alegría del Agua,Universal,Anal,Interactivo,Dual Channel (0xD + 0xA),0,水之欢,https://image.zlmicro.com/images/product/20220921/20220921134940227.png,3,https://image.zlmicro.com/images/product/qrcode/8354.png,classic|explore|finger|game|intera|music|shake|video,2.4G,112,No,0-255,77 62 16 23 43,
8355,8355,AASJ266,Universal,Anal,Vibración,Dual Channel (0xD + 0xA),0,,https://image.zlmicro.com/images/product/20250621/20250621103540734.png,10,https://image.zlmicro.com/images/product/20250621/202506211035452408355.png,classic|finger|game|intera|music|shake|video,2.4G,228,No,0-255,77 62 4d 53 45,
8359,8359,AATD306,Universal,Anal,Interactivo,Dual Channel (0xD + 0xA),0,,https://image.zlmicro.com/images/product/20230516/20230516151611808.png,3,https://image.zlmicro.com/images/product/qrcode/8359.png,classic|explore|finger|game|intera|music|shake|tot|video,BLE,192,No,0-255,77 62 4d 53 45,LUOS-F002
8370,8370,AAHT111,Universal,Anal,Interactivo,Dual Channel (0xD + 0xA),0,,https://image.zlmicro.com/images/product/20230325/20230325095630183.png,4,https://image.zlmicro.com/images/product/qrcode/8370.png,classic|explore|finger|game|intera|music|shake|video,2.4G,172,No,0-255,77 62 4d 53 45,
8374,8374,0822D,Universal,Anal,Vibración,Dual Channel (0xD + 0xA),0,0822D,https://image.zlmicro.com/images/product/20240410/20240410134443926.png,10,https://image.zlmicro.com/images/product/qrcode/8374.png,classic|explore|finger|game|intera|music|shake|video,2.4G,253,No,0-255,77 62 4d 53 45,
8375,8375,WB-0822D,Universal,Anal,Interactivo,Dual Channel (0xD + 0xA),0,WB-0822D,https://image.zlmicro.com/images/product/20231027/20231027094227811.png,3,https://image.zlmicro.com/images/product/qrcode/8375.png,classic|explore|finger|game|intera|music|shake|video,2.4G,63,No,0-255,77 62 4d 53 45,
8380,8380,AAZD090,Universal,Anal,Interactivo,Dual Channel (0xD + 0xA),0,,https://image.zlmicro.com/images/product/20240523/20240523120406053.png,2,https://image.zlmicro.com/images/product/qrcode/8380.png,classic|explore|finger|game|intera|music|shake|video,2.4G,292,No,0-255,77 62 4d 53 45,
8381,8381,XDHT001,Universal,Anal,Interactivo,Dual Channel (0xD + 0xA),0,,https://image.zlmicro.com/images/product/20231121/20231121105651292.png,4,https://image.zlmicro.com/images/product/qrcode/8381.png,classic|explore|finger|game|intera|music|shake|video,2.4G,82,No,0-255,77 62 4d 53 45,
8384,8384,AATD762,Universal,Anal,Interactivo,Dual Channel (0xD + 0xA),0,,https://image.zlmicro.com/images/product/20250220/20250220160741153.png,3,https://image.zlmicro.com/images/product/qrcode/8384.png,classic|finger|game|intera|music|shake|video|voice,2.4G,22,No,0-255,77 62 4d 53 45,
8385,8385,AAZD212,Universal,Anal,Interactivo,Dual Channel (0xD + 0xA),0,,https://image.zlmicro.com/images/product/20251203/20251203150414883.png,2,https://image.zlmicro.com/images/product/20251203/202512031504188008385.png,classic|finger|game|intera|music|shake|video,2.4G,390,No,0-255,77 62 4d 53 45,
8388,8388,AB0236,Universal,Anal,Interactivo,Dual Channel (0xD + 0xA),0,AB0236,https://image.zlmicro.com/images/product/20240122/20240122140816655.png,3,https://image.zlmicro.com/images/product/qrcode/8388.png,classic|explore|finger|game|intera|music|shake|video|voice_control,BLE,58,No,Estándar,77 62 4d 53 45,
8390,8390,AATD003,Universal,Anal,Interactivo,Dual Channel (0xD + 0xA),0,,https://image.zlmicro.com/images/product/20250519/20250519113640233.png,3,https://image.zlmicro.com/images/product/20250519/202505191136435458390.png,classic|finger|game|intera|music|shake|video,2.4G,75,No,0-255,77 62 4d 53 45,
8391,8391,AATD744,Universal,Anal,Interactivo,Dual Channel (0xD + 0xA),0,,https://image.zlmicro.com/images/product/20241230/20241230143112986.jpg,3,https://image.zlmicro.com/images/product/qrcode/8391.png,classic|explore|finger|game|intera|music|shake|video|voice,2.4G,329,No,0-255,77 62 4d 53 45,
8392,8392,Por Definir,Universal,Anal,Interactivo,Dual Channel (0xD + 0xA),0,待定,https://image.zlmicro.com/images/product/20220809/20220809202256534.jpg,3,https://image.zlmicro.com/images/product/qrcode/8392.png,classic|explore|finger|game|intera|music|shake|video,2.4G,27,No,0-255,77 62 4d 53 45,
8395,8395,RAGS002,Universal,Anal,Vibración,Dual Channel (0xD + 0xA),0,,https://image.zlmicro.com/images/product/20230626/20230626111750430.jpg,13,https://image.zlmicro.com/images/product/qrcode/8395.png,classic|explore|finger|game|intera|music|shake|video,2.4G,6,No,0-255,77 62 4d 53 45,
8399,8399,AAHT002,Femenino,Anal,Interactivo,Dual Channel (0xD + 0xA),0,,https://image.zlmicro.com/images/product/20260115/20260115173155718.jpg,4,https://image.zlmicro.com/images/product/20260115/202601151732022448399.png,classic|finger|game|heating|intera|music|shake|video,2.4G,170,No,0-255,77 62 4d 53 45,
8400,8400,PBHT009,Universal,Anal,Interactivo,Dual Channel (0xD + 0xA),0,,https://image.zlmicro.com/images/product/20231102/20231102172540791.jpg,4,https://image.zlmicro.com/images/product/qrcode/8400.png,classic|explore|finger|game|intera|music|shake|video,2.4G,250,No,0-255,77 62 4d 53 45,
8401,8401,AASJ325,Universal,Anal,Vibración,Dual Channel (0xD + 0xA),0,,https://image.zlmicro.com/images/product/20251208/20251208101728171.png,10,https://image.zlmicro.com/images/product/20251208/202512081017326458401.png,classic|finger|game|intera|music|shake|video,2.4G,12,No,0-255,77 62 4d 53 45,
8402,8402,AASJ347,Universal,Anal,Vibración,Dual Channel (0xD + 0xA),0,,https://image.zlmicro.com/images/product/20260116/20260116161326165.png,10,https://image.zlmicro.com/images/product/20260116/202601161613368068402.png,classic|finger|game|intera|music|shake|video,2.4G,384,No,0-255,77 62 4d 53 45,
8403,8403,WLS-001,Universal,Anal,Interactivo,Dual Channel (0xD + 0xA),0,WLS-001,https://image.zlmicro.com/images/product/20230406/20230406173221865.png,2,https://image.zlmicro.com/images/product/qrcode/8403.png,classic|explore|finger|game|intera|music|shake|video,2.4G,178,No,0-255,77 62 4d 53 45,
8414,8414,TD001,Universal,Anal,Interactivo,Dual Channel (0xD + 0xA),0,,https://image.zlmicro.com/images/product/20240801/20240801092514725.png,3,https://image.zlmicro.com/images/product/qrcode/8414.png,classic|explore|finger|game|intera|music|shake|video,2.4G,253,No,0-255,77 62 4d 53 45,
8415,8415,LY-007B,Universal,Anal,Vibración,Dual Channel (0xD + 0xA),0,LY-007B,https://image.zlmicro.com/images/product/20231102/20231102155439617.png,13,https://image.zlmicro.com/images/product/qrcode/8415.png,classic|explore|finger|game|intera|music|shake|video,2.4G,240,No,0-255,77 62 4d 53 45,
8417,8417,AATD003,Universal,Anal,Interactivo,Dual Channel (0xD + 0xA),0,,https://image.zlmicro.com/images/product/20251031/20251031135533319.jpg,3,https://image.zlmicro.com/images/product/20251031/202510311355367918417.png,classic|finger|game|intera|music|shake|video,2.4G,8,No,0-255,77 62 4d 53 45,
8420,8420,ZAYJ017,Femenino,Anal,Interactivo,Dual Channel (0xD + 0xA),0,,https://image.zlmicro.com/images/product/20240330/20240330100734639.jpg,8,https://image.zlmicro.com/images/product/qrcode/8420.png,classic|explore|finger|game|heating|intera|music|shake|video,2.4G,27,No,0-255,77 62 4d 53 45,
8422,8422,AATD523,Universal,Anal,Interactivo,Dual Channel (0xD + 0xA),0,,https://image.zlmicro.com/images/product/20240321/20240321102830761.jpg,3,https://image.zlmicro.com/images/product/qrcode/8422.png,classic|explore|finger|game|intera|music|shake|video,2.4G,131,No,0-255,77 62 4d 53 45,
8425,8425,AAHT002,Femenino,Anal,Interactivo,Dual Channel (0xD + 0xA),0,,https://image.zlmicro.com/images/product/20250715/20250715094008207.png,4,https://image.zlmicro.com/images/product/20250715/202507150940429628425.png,classic|finger|game|heating|intera|music|shake|video,2.4G,368,No,0-255,77 62 4d 53 45,
8431,8431,AATD697,Universal,Anal,Interactivo,Dual Channel (0xD + 0xA),0,,https://image.zlmicro.com/images/product/20241028/20241028145759902.jpg,3,https://image.zlmicro.com/images/product/qrcode/8431.png,classic|explore|finger|game|intera|music|shake|video|voice,2.4G,325,No,0-255,77 62 4d 53 45,
8437,8437,AATD003,Universal,Anal,Interactivo,Dual Channel (0xD + 0xA),0,,https://image.zlmicro.com/images/product/20251114/20251114113018720.jpg,3,https://image.zlmicro.com/images/product/20251114/202511141130286638437.png,classic|finger|game|intera|music|shake|video,2.4G,149,No,0-255,77 62 4d 53 45,
8438,8438,AAHT319,Universal,Anal,Interactivo,Dual Channel (0xD + 0xA),0,,https://image.zlmicro.com/images/product/20241206/20241206094452389.png,4,https://image.zlmicro.com/images/product/qrcode/8438.png,classic|explore|finger|game|intera|music|shake|video|voice,2.4G,30,No,0-255,77 62 4d 53 45,
8439,8439,AASJ343,Universal,Anal,Vibración,Dual Channel (0xD + 0xA),0,,https://image.zlmicro.com/images/product/20260108/20260108163556196.png,10,https://image.zlmicro.com/images/product/20260108/202601081636022828439.png,classic|finger|game|intera|music|shake|video,2.4G,153,No,0-255,77 62 4d 53 45,
8440,8440,Xie Yong Pendiente,Universal,Anal,Interactivo,Dual Channel (0xD + 0xA),0,谢勇待定,https://image.zlmicro.com/images/product/20220607/20220607142320889.jpg,8,https://image.zlmicro.com/images/product/qrcode/8440.png,classic|explore|finger|game|intera|music|shake|video,2.4G,110,No,0-255,77 62 4d 53 45,
8442,8442,ZASJ079,Universal,Anal,Vibración,Dual Channel (0xD + 0xA),0,,https://image.zlmicro.com/images/product/20251023/20251023101756415.png,10,https://image.zlmicro.com/images/product/20251023/202510231018015438442.png,classic|finger|game|intera|music|shake|video,2.4G,362,No,0-255,77 62 4d 53 45,
8443,8443,AASJ137,Universal,Anal,Vibración,Dual Channel (0xD + 0xA),0,,https://image.zlmicro.com/images/product/20231128/20231128111458824.png,10,https://image.zlmicro.com/images/product/qrcode/8443.png,classic|explore|finger|game|intera|music|shake|video,2.4G,20,No,0-255,77 62 4d 53 45,
8444,8444,AASJ038,Universal,Anal,Vibración,Dual Channel (0xD + 0xA),0,,https://image.zlmicro.com/images/product/20230516/20230516152808891.png,10,https://image.zlmicro.com/images/product/qrcode/8444.png,classic|explore|finger|game|intera|music|shake|video,2.4G,211,No,0-255,77 62 4d 53 45,
8447,8447,YDTD002,Universal,Anal,Interactivo,Dual Channel (0xD + 0xA),0,,https://image.zlmicro.com/images/product/20230310/20230310165828251.png,3,https://image.zlmicro.com/images/product/qrcode/8447.png,classic|explore|finger|game|intera|music|shake|video,2.4G,188,No,0-255,77 62 4d 53 45,
8448,8448,SCHT001,Universal,Anal,Interactivo,Dual Channel (0xD + 0xA),0,,https://image.zlmicro.com/images/product/20231123/20231123115230153.png,4,https://image.zlmicro.com/images/product/qrcode/8448.png,classic|explore|finger|game|intera|music|shake|video,2.4G,30,No,0-255,77 62 4d 53 45,
8449,8449,AAFJ111,Universal,Anal,Interactivo,Dual Channel (0xD + 0xA),0,,https://image.zlmicro.com/images/product/20250603/20250603092635745.png,1,https://image.zlmicro.com/images/product/20250603/202506030926431718449.png,classic|finger|game|intera|music|shake|video|voice,2.4G,357,No,Estándar,77 62 4d 53 45,
8450,8450,AAHT205,Femenino,Anal,Interactivo,Dual Channel (0xD + 0xA),0,,https://image.zlmicro.com/images/product/20231007/20231007114316784.jpg,4,https://image.zlmicro.com/images/product/qrcode/8450.png,classic|explore|finger|game|heating|intera|music|shake|video,2.4G,127,No,0-255,77 62 4d 53 45,
8452,8452,AAZD211,Universal,Anal,Interactivo,Dual Channel (0xD + 0xA),0,,https://image.zlmicro.com/images/product/20251203/20251203111704706.png,2,https://image.zlmicro.com/images/product/20251203/202512031117339898452.png,classic|finger|game|intera|music|shake|video,2.4G,323,No,0-255,77 62 4d 53 45,
8454,8454,Fei Tian Run,Universal,Anal,Interactivo,Dual Channel (0xD + 0xA),0,飞天润,https://image.zlmicro.com/images/product/20240722/20240722104328860.jpg,3,https://image.zlmicro.com/images/product/qrcode/8454.png,classic|explore|finger|game|intera|music|shake|video,2.4G,90,No,0-255,77 62 4d 53 45,
8455,8455,ZATD078,Universal,Anal,Interactivo,Dual Channel (0xD + 0xA),0,,https://image.zlmicro.com/images/product/20250225/20250225165556379.png,3,https://image.zlmicro.com/images/product/qrcode/8455.png,classic|finger|game|intera|music|shake|video,2.4G,32,No,0-255,77 62 4d 53 45,
8459,8459,AAGS002,Universal,Anal,Vibración,Dual Channel (0xD + 0xA),0,,https://image.zlmicro.com/images/product/20251213/20251213150337320.jpg,13,https://image.zlmicro.com/images/product/20251213/202512131503429588459.png,classic|finger|game|intera|music|shake|video,2.4G,19,No,0-255,77 62 4d 53 45,
8472,8472,ZAZD058,Universal,Anal,Interactivo,Dual Channel (0xD + 0xA),0,,https://image.zlmicro.com/images/product/20250315/20250315100843681.png,2,https://image.zlmicro.com/images/product/qrcode/8472.png,classic|finger|game|intera|music|shake|video,2.4G,221,No,Estándar,77 62 4d 53 45,
8473,8473,KJ005B,Universal,Anal,Interactivo,Dual Channel (0xD + 0xA),0,KJ005B,https://image.zlmicro.com/images/product/20221008/20221008160020552.png,4,https://image.zlmicro.com/images/product/qrcode/8473.png,classic|explore|finger|game|intera|music|shake|video,2.4G,91,No,0-255,77 62 4d 53 45,
8474,8474,JY021,Universal,Anal,Interactivo,Dual Channel (0xD + 0xA),0,JY021,https://image.zlmicro.com/images/product/20220517/20220517142034508.png,3,https://image.zlmicro.com/images/product/qrcode/8474.png,classic|explore|finger|game|intera|music|shake|video|voice,2.4G,53,No,0-255,77 62 4d 53 45,
8475,8475,悦蕾CD20-APP,Universal,Anal,Interactivo,Dual Channel (0xD + 0xA),0,悦蕾CD20-APP,https://image.zlmicro.com/images/product/20230408/20230408141103081.png,4,https://image.zlmicro.com/images/product/qrcode/8475.png,classic|explore|finger|game|intera|music|shake|video,2.4G,52,No,0-255,77 62 4d 53 45,
8477,8477,ZD001,Femenino,Anal,Interactivo,Dual Channel (0xD + 0xA),0,,https://image.zlmicro.com/images/product/20241014/20241014114642649.jpg,2,https://image.zlmicro.com/images/product/qrcode/8477.png,classic|explore|finger|game|heating|intera|music|shake|video,2.4G,198,No,Estándar,77 62 4d 53 45,
8481,8481,AAFJ128,Universal,Anal,Interactivo,Dual Channel (0xD + 0xA),0,,https://image.zlmicro.com/images/product/20251111/20251111133819317.jpg,1,https://image.zlmicro.com/images/product/20250913/202509131545563958481.png,classic|finger|game|intera|music|shake|video|voice,2.4G,176,No,0-255,77 62 4d 53 45,
8487,8487,AAGS002,Universal,Anal,Vibración,Dual Channel (0xD + 0xA),0,,https://image.zlmicro.com/images/product/20251119/20251119094808229.png,13,https://image.zlmicro.com/images/product/20251119/202511190948134268487.png,classic|finger|game|heating|intera|music|shake|video,2.4G,366,No,0-255,77 62 4d 53 45,
8493,8493,XDTD003,Universal,Anal,Interactivo,Dual Channel (0xD + 0xA),0,,https://image.zlmicro.com/images/product/20230919/20230919113007298.png,3,https://image.zlmicro.com/images/product/qrcode/8493.png,classic|explore|finger|game|intera|music|shake|video,2.4G,110,No,0-255,77 62 4d 53 45,
8495,8495,YCTD020,Universal,Anal,Interactivo,Dual Channel (0xD + 0xA),0,,https://image.zlmicro.com/images/product/20241107/20241107113321572.png,3,https://image.zlmicro.com/images/product/qrcode/8495.png,classic|explore|finger|game|intera|music|shake|video,2.4G,253,No,0-255,77 62 4d 53 45,
8497,8497,2DAA,Universal,Anal,Interactivo,Dual Channel (0xD + 0xA),0, 2DAA ,https://image.zlmicro.com/images/product/20230818/20230818143214121.jpg,8,https://image.zlmicro.com/images/product/qrcode/8497.png,classic|explore|finger|game|intera|music|shake|video,2.4G,125,No,0-255,77 62 4d 53 45,
8499,8499,AASJ076,Universal,Anal,Vibración,Dual Channel (0xD + 0xA),0,,https://image.zlmicro.com/images/product/20230216/20230216154837201.jpg,10,https://image.zlmicro.com/images/product/qrcode/8499.png,classic|explore|finger|game|intera|music|shake|video,2.4G,0,No,0-255,77 62 4d 53 45,
8500,8500,AATD003,Universal,Anal,Interactivo,Dual Channel (0xD + 0xA),0,,https://image.zlmicro.com/images/product/20251125/20251125115533284.png,3,https://image.zlmicro.com/images/product/20251125/202511251155449688500.png,classic|finger|game|intera|music|shake|video,2.4G,366,No,0-255,77 62 4d 53 45,
8503,8503,AATD657,Universal,Anal,Interactivo,Dual Channel (0xD + 0xA),0,,https://image.zlmicro.com/images/product/20240906/20240906134441078.png,3,https://image.zlmicro.com/images/product/qrcode/8503.png,classic|explore|finger|game|intera|music|shake|video,2.4G,313,No,0-255,77 62 4d 53 45,
8509,8509,Cici Magnético Vestible,Universal,Anal,Interactivo,Dual Channel (0xD + 0xA),0,茜茜磁吸穿戴,https://image.zlmicro.com/images/product/20211029/20211029134451290.png,3,https://image.zlmicro.com/images/product/qrcode/8509.png,classic|explore|finger|game|intera|music|shake|video,2.4G,64,No,0-255,77 62 4d 53 45,
8510,8510,HB-2112,Universal,Anal,Interactivo,Dual Channel (0xD + 0xA),0,HB-2112,https://image.zlmicro.com/images/product/20220429/20220429143009110.png,4,https://image.zlmicro.com/images/product/qrcode/8510.png,classic|explore|finger|game|intera|music|shake|video,2.4G,107,No,0-255,77 62 4d 53 45,
8512,8512,AAZD056,Universal,Anal,Interactivo,Dual Channel (0xD + 0xA),0,,https://image.zlmicro.com/images/product/20230825/20230825092508430.jpg,2,https://image.zlmicro.com/images/product/qrcode/8512.png,classic|explore|finger|game|intera|music|shake|video,2.4G,216,No,0-255,77 62 4d 53 45,
8513,8513,ZDTD024,Universal,Anal,Interactivo,Dual Channel (0xD + 0xA),0,,https://image.zlmicro.com/images/product/20240829/20240829145415787.png,3,https://image.zlmicro.com/images/product/qrcode/8513.png,classic|explore|finger|game|intera|music|shake|video,2.4G,157,No,0-255,77 62 4d 53 45,
8514,8514,AATD548,Universal,Anal,Interactivo,Dual Channel (0xD + 0xA),0,,https://image.zlmicro.com/images/product/20240423/20240423094501618.png,3,https://image.zlmicro.com/images/product/qrcode/8514.png,classic|explore|finger|game|intera|music|shake|video,2.4G,6,No,0-255,77 62 4d 53 45,
8519,8519,170,Universal,Anal,Vibración,Dual Channel (0xD + 0xA),0,170,https://image.zlmicro.com/images/product/20220426/20220426104556463.jpg,10,https://image.zlmicro.com/images/product/qrcode/8519.png,classic|explore|finger|game|intera|music|shake|video,2.4G,92,No,0-255,77 62 4d 53 45,
8520,8520,AAHT084,Universal,Anal,Interactivo,Dual Channel (0xD + 0xA),0,,https://image.zlmicro.com/images/product/20230206/20230206160456769.png,4,https://image.zlmicro.com/images/product/qrcode/8520.png,classic|explore|finger|game|intera|music|shake|video,2.4G,32,No,0-255,77 62 4d 53 45,
8525,8525,042,Universal,Anal,Vibración,Dual Channel (0xD + 0xA),0,042,https://image.zlmicro.com/images/product/20230225/20230225122020039.png,10,https://image.zlmicro.com/images/product/qrcode/8525.png,classic|explore|finger|game|intera|music|shake|video,2.4G,75,No,0-255,77 62 4d 53 45,
8527,8527,AAHT002,Universal,Anal,Interactivo,Dual Channel (0xD + 0xA),0,,https://image.zlmicro.com/images/product/20260107/20260107143415249.png,4,https://image.zlmicro.com/images/product/20260107/202601071434202358527.png,classic|finger|game|intera|music|shake|video,2.4G,22,No,0-255,77 62 4d 53 45,
8530,8530,ZATD095,Universal,Anal,Interactivo,Dual Channel (0xD + 0xA),0,,https://image.zlmicro.com/images/product/20250527/20250527103137016.png,3,https://image.zlmicro.com/images/product/20250527/202505271031508198530.png,classic|finger|game|intera|music|shake|video,2.4G,102,No,0-255,77 62 4d 53 45,
8533,8533,AASJ335,Universal,Anal,Vibración,Dual Channel (0xD + 0xA),0,,https://image.zlmicro.com/images/product/20251222/20251222093104133.png,10,https://image.zlmicro.com/images/product/20251222/202512220931088048533.png,classic|finger|game|intera|music|shake|video,2.4G,118,No,0-255,77 62 4d 53 45,
8534,8534,AATD764,Universal,Anal,Interactivo,Dual Channel (0xD + 0xA),0,,https://image.zlmicro.com/images/product/20250226/20250226150128460.jpg,3,https://image.zlmicro.com/images/product/qrcode/8534.png,classic|finger|game|intera|music|shake|video,2.4G,297,No,0-255,77 62 4d 53 45,
8535,8535,AATD421,Universal,Anal,Interactivo,Dual Channel (0xD + 0xA),0,,https://image.zlmicro.com/images/product/20230918/20230918154446501.png,3,https://image.zlmicro.com/images/product/qrcode/8535.png,classic|explore|finger|game|intera|music|shake|video,2.4G,55,No,0-255,77 62 4d 53 45,
8538,8538,AASJ204,Universal,Anal,Vibración,Dual Channel (0xD + 0xA),0,,https://image.zlmicro.com/images/product/20241009/20241009162441570.png,10,https://image.zlmicro.com/images/product/qrcode/8538.png,classic|explore|finger|game|intera|music|shake|video|voice,2.4G,282,No,0-255,77 62 4d 53 45,
8540,8540,AATD003,Universal,Anal,Interactivo,Dual Channel (0xD + 0xA),0,,https://image.zlmicro.com/images/product/20250616/20250616092111465.png,3,https://image.zlmicro.com/images/product/20250616/202506160921365288540.png,classic|finger|game|intera|music|shake|video,2.4G,93,No,0-255,77 62 4d 53 45,
8542,8542,AAHT282,Femenino,Anal,Interactivo,Dual Channel (0xD + 0xA),0,,https://image.zlmicro.com/images/product/20240708/20240708094815534.png,4,https://image.zlmicro.com/images/product/qrcode/8542.png,classic|explore|finger|game|heating|intera|music|shake|video,2.4G,30,No,0-255,77 62 4d 53 45,
8547,8547,20DH,Universal,Anal,Vibración,Dual Channel (0xD + 0xA),0,20DH,https://image.zlmicro.com/images/product/20230227/20230227142545682.jpg,10,https://image.zlmicro.com/images/product/qrcode/8547.png,classic|explore|finger|game|intera|music|shake|video,2.4G,86,No,0-255,77 62 4d 53 45,
8548,8548,ZESJ001,Universal,Anal,Vibración,Dual Channel (0xD + 0xA),0,,https://image.zlmicro.com/images/product/20231023/20231023142112720.jpg,10,https://image.zlmicro.com/images/product/qrcode/8548.png,classic|explore|finger|game|intera|music|shake|video,2.4G,30,No,0-255,77 62 4d 53 45,
8549,8549,兔子锁精环APP版,Universal,Anal,Vibración,Dual Channel (0xD + 0xA),0,兔子锁精环APP版,https://image.zlmicro.com/images/product/20221216/20221216111154349.png,10,https://image.zlmicro.com/images/product/qrcode/8549.png,classic|explore|finger|game|intera|music|shake|video,2.4G,79,No,0-255,77 62 4d 53 45,
8551,8551,AATD231,Universal,Anal,Interactivo,Dual Channel (0xD + 0xA),0,,https://image.zlmicro.com/images/product/20230310/20230310094644447.png,3,https://image.zlmicro.com/images/product/qrcode/8551.png,classic|explore|finger|game|intera|music|shake|video|voice,2.4G,48,No,0-255,77 62 4d 53 45,
8554,8554,AAZD167,Universal,Anal,Interactivo,Dual Channel (0xD + 0xA),0,,https://image.zlmicro.com/images/product/20250424/20250424161436394.png,2,https://image.zlmicro.com/images/product/20250424/202504241614430548554.png,classic|finger|game|intera|music|shake|video|voice,2.4G,19,No,0-255,77 62 4d 53 45,
8558,8558,ZATD089,Universal,Anal,Interactivo,Dual Channel (0xD + 0xA),0,,https://image.zlmicro.com/images/product/20250311/20250311155856958.jpg,3,https://image.zlmicro.com/images/product/qrcode/8558.png,classic|finger|game|intera|music|shake|video,2.4G,76,No,0-255,77 62 4d 53 45,
8559,8559,AASJ315,Universal,Anal,Vibración,Dual Channel (0xD + 0xA),0,,https://image.zlmicro.com/images/product/20251029/20251029095557664.png,10,https://image.zlmicro.com/images/product/20251029/202510290956116508559.png,classic|finger|game|intera|music|shake|video,2.4G,342,No,0-255,77 62 4d 53 45,
8571,8571,AACD008,Universal,Anal,Interactivo,Dual Channel (0xD + 0xA),0,,https://image.zlmicro.com/images/product/20250709/20250709165631299.png,7,https://image.zlmicro.com/images/product/20250709/202507091656359868571.png,classic|finger|game|intera|music|shake|video,2.4G,52,No,0-255,77 62 4d 53 45,
8577,8577,YCTD003,Universal,Anal,Interactivo,Dual Channel (0xD + 0xA),0,,https://image.zlmicro.com/images/product/20230223/20230223115438914.png,3,https://image.zlmicro.com/images/product/qrcode/8577.png,classic|explore|finger|game|intera|music|shake|video,2.4G,48,No,0-255,77 62 4d 53 45,
8578,8578,TD001,Universal,Anal,Interactivo,Dual Channel (0xD + 0xA),0,,https://image.zlmicro.com/images/product/20240618/20240618112431922.png,3,https://image.zlmicro.com/images/product/qrcode/8578.png,classic|explore|finger|game|intera|music|shake|video,2.4G,169,No,0-255,77 62 4d 53 45,
8579,8579,B05,Universal,Anal,Interactivo,Dual Channel (0xD + 0xA),0,B05,https://image.zlmicro.com/images/product/20230630/20230630114711246.png,3,https://image.zlmicro.com/images/product/qrcode/8579.png,classic|explore|finger|game|intera|music|shake|video,2.4G,118,No,0-255,77 62 4d 53 45,
8587,8587,O25,Universal,Anal,Interactivo,Dual Channel (0xD + 0xA),0,O25,https://image.zlmicro.com/images/product/20221008/20221008142528055.png,3,https://image.zlmicro.com/images/product/qrcode/8587.png,classic|explore|finger|game|intera|music|shake|video,2.4G,35,No,0-255,77 62 4d 53 45,
8588,8588,左拉测试8+8+8,Universal,Anal,Interactivo,Dual Channel (0xD + 0xA),0,左拉测试8+8+8,,0,https://image.zlmicro.com/images/product/qrcode/8588.png,classic|explore|finger|game|intera|music|shake|video,2.4G,192,No,Estándar,77 62 4d 53 45,
8589,8589,LBTYSJ001,Universal,Anal,Vibración,Dual Channel (0xD + 0xA),0,,https://image.zlmicro.com/images/product/20251031/20251031155531354.jpg,10,https://image.zlmicro.com/images/product/20251031/202510311555392108589.png,classic|finger|game|intera|music|shake|video,2.4G,107,No,0-255,77 62 4d 53 45,
8591,8591,Bola Eléctrica,Universal,Anal,Interactivo,Dual Channel (0xD + 0xA),0,电击球,https://image.zlmicro.com/images/product/20230306/20230306160843919.png,3,https://image.zlmicro.com/images/product/qrcode/8591.png,classic|discharge|explore|finger|game|intera|music|shake|video,2.4G,162,No,0-255,77 62 4d 53 45,
8594,8594,AAGS002,Universal,Anal,Vibración,Dual Channel (0xD + 0xA),0,,https://image.zlmicro.com/images/product/20250825/20250825134125544.png,13,https://image.zlmicro.com/images/product/20250825/202508251341311968594.png,classic|finger|game|intera|music|shake|video,2.4G,253,No,0-255,77 62 4d 53 45,
8595,8595,Tren de Potencia,Universal,Anal,Vibración,Dual Channel (0xD + 0xA),0,动力火车,https://image.zlmicro.com/images/product/20230904/20230904130924551.png,10,https://image.zlmicro.com/images/product/qrcode/8595.png,classic|explore|finger|game|intera|music|shake|video,2.4G,82,No,0-255,77 62 4d 53 45,
8597,8597,JCSJ002,Universal,Anal,Vibración,Dual Channel (0xD + 0xA),0,,https://image.zlmicro.com/images/product/20241113/20241113172951688.png,10,https://image.zlmicro.com/images/product/qrcode/8597.png,classic|explore|finger|game|intera|music|shake|video,2.4G,82,No,0-255,77 62 4d 53 45,
8598,8598,GM002,Universal,Anal,Interactivo,Dual Channel (0xD + 0xA),0,GM002,https://image.zlmicro.com/images/product/20230408/20230408150656823.png,3,https://image.zlmicro.com/images/product/qrcode/8598.png,classic|explore|finger|game|intera|music|shake|video,2.4G,63,No,0-255,77 62 4d 53 45,
8599,8599,ZATD068,Universal,Anal,Interactivo,Dual Channel (0xD + 0xA),0,,https://image.zlmicro.com/images/product/20240902/20240902110406168.jpg,3,https://image.zlmicro.com/images/product/qrcode/8599.png,classic|explore|finger|game|intera|music|shake|video,2.4G,118,No,0-255,77 62 4d 53 45,
8700,8700,HEGS002,Universal,Anal,Vibración,Dual Channel (0xD + 0xA),0,,https://image.zlmicro.com/images/product/20230830/20230830140958158.png,13,https://image.zlmicro.com/images/product/qrcode/8700.png,classic|explore|finger|game|intera|music|shake|video,2.4G,157,No,0-255,77 62 4d 53 45,
8703,8703,AAFJ110,Universal,Anal,Interactivo,Dual Channel (0xD + 0xA),0,,https://image.zlmicro.com/images/product/20250117/20250117145536815.png,1,https://image.zlmicro.com/images/product/qrcode/8703.png,classic|explore|finger|game|intera|music|shake|switch_voice|video|voice,2.4G,210,No,0-255,77 62 4d 53 45,
8704,8704,AAGS002,Universal,Anal,Vibración,Dual Channel (0xD + 0xA),0,,https://image.zlmicro.com/images/product/20241030/20241030100150388.png,13,https://image.zlmicro.com/images/product/qrcode/8704.png,classic|explore|finger|game|intera|music|shake|video,2.4G,19,No,Estándar,77 62 4d 53 45,
8708,8708,AAZD136,Universal,Anal,Interactivo,Dual Channel (0xD + 0xA),0,,https://image.zlmicro.com/images/product/20241115/20241115101255847.png,2,https://image.zlmicro.com/images/product/qrcode/8708.png,classic|explore|finger|game|intera|music|shake|video,2.4G,57,No,0-255,77 62 4d 53 45,
8710,8710,AATD656,Universal,Anal,Interactivo,Dual Channel (0xD + 0xA),0,,https://image.zlmicro.com/images/product/20240905/20240905151559791.png,3,https://image.zlmicro.com/images/product/qrcode/8710.png,classic|explore|finger|game|intera|music|shake|video,2.4G,10,No,0-255,77 62 4d 53 45,
8711,8711,AATD539,Universal,Anal,Interactivo,Dual Channel (0xD + 0xA),0,,https://image.zlmicro.com/images/product/20240407/20240407144653047.jpg,3,https://image.zlmicro.com/images/product/qrcode/8711.png,classic|explore|finger|game|intera|music|shake|video,2.4G,93,No,0-255,77 62 4d 53 45,
8713,8713,AASJ281,Universal,Anal,Vibración,Dual Channel (0xD + 0xA),0,,https://image.zlmicro.com/images/product/20250728/20250728161649257.png,10,https://image.zlmicro.com/images/product/20250728/202507281616541608713.png,classic|finger|game|intera|music|shake|video,2.4G,22,No,0-255,77 62 4d 53 45,
8715,8715,ZAYJ018,Femenino,Anal,Interactivo,Dual Channel (0xD + 0xA),0,,https://image.zlmicro.com/images/product/20240330/20240330095137015.jpg,8,https://image.zlmicro.com/images/product/qrcode/8715.png,classic|explore|finger|game|heating|intera|music|shake|video,2.4G,284,No,0-255,77 62 4d 53 45,
8717,8717,AATD004,Universal,Anal,Interactivo,Dual Channel (0xD + 0xA),0,,https://image.zlmicro.com/images/product/20250430/20250430112750813.png,3,https://image.zlmicro.com/images/product/20250430/202504301127589688717.png,classic|finger|game|intera|music|shake|video,2.4G,158,No,0-255,77 62 4d 53 45,
8721,8721,AAZD061,Universal,Anal,Interactivo,Dual Channel (0xD + 0xA),0,,https://image.zlmicro.com/images/product/20230921/20230921171155434.png,2,https://image.zlmicro.com/images/product/qrcode/8721.png,classic|explore|finger|game|intera|music|shake|video,2.4G,216,No,0-255,77 62 4d 53 45,
8722,8722,AR-043,Universal,Anal,Vibración,Dual Channel (0xD + 0xA),0,AR-043,https://image.zlmicro.com/images/product/20230807/20230807160440935.jpg,13,https://image.zlmicro.com/images/product/qrcode/8722.png,classic|explore|finger|game|intera|music|shake|video,2.4G,28,No,0-255,77 62 4d 53 45,
8724,8724,AASJ316,Universal,Anal,Vibración,Dual Channel (0xD + 0xA),0,,https://image.zlmicro.com/images/product/20251031/20251031110723950.png,10,https://image.zlmicro.com/images/product/20251031/202510311107324928724.png,classic|finger|game|intera|music|shake|video,2.4G,306,No,0-255,77 62 4d 53 45,
8728,8728,佩蒂JX035,Universal,Anal,Interactivo,Dual Channel (0xD + 0xA),0,佩蒂JX035,https://image.zlmicro.com/images/product/20211222/20211222111116994.png,3,https://image.zlmicro.com/images/product/qrcode/8728.png,classic|explore|finger|game|intera|music|shake|video,2.4G,28,No,0-255,77 62 4d 53 45,
8729,8729,贝挺3代,Universal,Anal,Interactivo,Dual Channel (0xD + 0xA),0,贝挺3代,https://image.zlmicro.com/images/product/20230223/20230223165935740.jpg,4,https://image.zlmicro.com/images/product/qrcode/8729.png,classic|explore|finger|game|intera|music|shake|video,2.4G,20,No,0-255,77 62 4d 53 45,
8731,8731,BCHT003,Universal,Anal,Interactivo,Dual Channel (0xD + 0xA),0,,https://image.zlmicro.com/images/product/20231016/20231016111211010.png,4,https://image.zlmicro.com/images/product/qrcode/8731.png,classic|explore|finger|game|intera|music|shake|video,2.4G,243,No,0-255,77 62 4d 53 45,
8732,8732,YCTD012,Universal,Anal,Interactivo,Dual Channel (0xD + 0xA),0,,https://image.zlmicro.com/images/product/20230313/20230313151842024.png,3,https://image.zlmicro.com/images/product/qrcode/8732.png,classic|explore|finger|game|intera|music|shake|video,2.4G,30,No,0-255,77 62 4d 53 45,
8738,8738,Xiao Lang Vestible,Universal,Anal,Interactivo,Dual Channel (0xD + 0xA),0,小浪扣动穿戴,https://image.zlmicro.com/images/product/20230728/20230728110119973.png,4,https://image.zlmicro.com/images/product/qrcode/8738.png,classic|explore|finger|game|intera|music|shake|video,2.4G,79,No,0-255,77 62 4d 53 45,
8740,8740,Bola Mágica,Universal,Anal,Interactivo,Dual Channel (0xD + 0xA),0,魔法球,https://image.zlmicro.com/images/product/20211208/20211208110336317.png,3,https://image.zlmicro.com/images/product/qrcode/8740.png,classic|explore|finger|game|intera|music|shake|video,2.4G,32,No,0-255,77 62 4d 53 45,
8742,8742,ZAZD056,Universal,Anal,Interactivo,Dual Channel (0xD + 0xA),0,,https://image.zlmicro.com/images/product/20250303/20250303155210268.png,2,https://image.zlmicro.com/images/product/qrcode/8742.png,classic|finger|game|intera|music|shake|video,2.4G,221,No,Estándar,77 62 4d 53 45,
8745,8745,ZAGS032,Universal,Anal,Vibración,Dual Channel (0xD + 0xA),0,,https://image.zlmicro.com/images/product/20260304/20260304113353334.png,13,https://image.zlmicro.com/images/product/20260304/202603041134001368745.png,classic|finger|game|intera|music|shake|video,2.4G,387,No,0-255,77 62 4d 53 45,
8747,8747,AIS206,Universal,Anal,Interactivo,Dual Channel (0xD + 0xA),0,AIS206,https://image.zlmicro.com/images/product/20230407/20230407163309491.png,3,https://image.zlmicro.com/images/product/qrcode/8747.png,classic|explore|finger|game|intera|music|shake|video,2.4G,27,No,0-255,77 62 4d 53 45,
8749,8749,PCBA-ZX-ZDT602(TD-C2)-M,Universal,Anal,Interactivo,Dual Channel (0xD + 0xA),0,PCBA-ZX-ZDT602(TD-C2)-M,https://image.zlmicro.com/images/product/20220730/20220730115549492.jpg,4,https://image.zlmicro.com/images/product/qrcode/8749.png,classic|explore|finger|game|intera|music|shake|video,2.4G,36,No,0-255,77 62 4d 53 45,
8754,8754,AATD003,Universal,Anal,Interactivo,Dual Channel (0xD + 0xA),0,,https://image.zlmicro.com/images/product/20250526/20250526134750338.jpg,3,https://image.zlmicro.com/images/product/20250526/202505261347595488754.png,classic|finger|game|intera|music|shake|video,2.4G,356,No,0-255,77 62 4d 53 45,
8757,8757,AAHT340,Universal,Anal,Interactivo,Dual Channel (0xD + 0xA),0,,https://image.zlmicro.com/images/product/20250410/20250410173131879.png,4,https://image.zlmicro.com/images/product/20250410/202504101731363368757.png,classic|finger|game|intera|music|shake|video,2.4G,167,No,0-255,77 62 4d 53 45,
8759,8759,Lao Sun Pendiente,Universal,Anal,Interactivo,Dual Channel (0xD + 0xA),0,老孙待定,https://image.zlmicro.com/images/product/20220826/20220826172922635.png,4,https://image.zlmicro.com/images/product/qrcode/8759.png,classic|explore|finger|game|intera|music|shake|video,2.4G,0,No,0-255,77 62 4d 53 45,
8770,8770,AAFJ132,Femenino,Anal,Interactivo,Dual Channel (0xD + 0xA),0,,https://image.zlmicro.com/images/product/20251217/20251217094746290.jpg,1,https://image.zlmicro.com/images/product/20251217/202512170947510328770.png,classic|finger|game|heating|intera|music|shake|video,2.4G,381,No,0-255,77 62 4d 53 45,
8772,8772,ZATD081,Universal,Anal,Interactivo,Dual Channel (0xD + 0xA),0,,https://image.zlmicro.com/images/product/20250303/20250303154559651.jpg,3,https://image.zlmicro.com/images/product/qrcode/8772.png,classic|finger|game|intera|music|shake|video,2.4G,40,No,0-255,77 62 4d 53 45,
8773,8773,Anal Retráctil Negro,Universal,Anal,Interactivo,Dual Channel (0xD + 0xA),0,中德黑色伸缩肛塞,https://image.zlmicro.com/images/product/20221115/20221115101531761.png,2,https://image.zlmicro.com/images/product/qrcode/8773.png,classic|explore|finger|game|intera|music|shake|video,2.4G,79,No,0-255,77 62 4d 53 45,
8777,8777,AATD745,Universal,Anal,Interactivo,Dual Channel (0xD + 0xA),0,,https://image.zlmicro.com/images/product/20241231/20241231110359401.jpg,3,https://image.zlmicro.com/images/product/qrcode/8777.png,classic|explore|finger|game|intera|music|shake|video,2.4G,335,No,0-255,77 62 4d 53 45,
8779,8779,AAHT066,Universal,Anal,Interactivo,Dual Channel (0xD + 0xA),0,,https://image.zlmicro.com/images/product/20221201/20221201111133936.png,4,https://image.zlmicro.com/images/product/qrcode/8779.png,classic|explore|finger|game|intera|music|shake|video,2.4G,160,No,0-255,77 62 4d 53 45,
8780,8780,8+8+8加热,Femenino,Anal,Interactivo,Dual Channel (0xD + 0xA),0,8+8+8加热,https://image.zlmicro.com/images/product/20241231/20241231161413269.jpg,0,https://image.zlmicro.com/images/product/qrcode/8780.png,classic|explore|finger|game|heating|intera|music|shake|video,2.4G,192,No,Estándar,77 62 4d 53 45,
8783,8783,ZAGS017,Universal,Anal,Vibración,Dual Channel (0xD + 0xA),0,,https://image.zlmicro.com/images/product/20240316/20240316105449128.jpg,13,https://image.zlmicro.com/images/product/qrcode/8783.png,classic|explore|finger|game|intera|music|shake|video,2.4G,277,No,0-255,77 62 4d 53 45,
8784,8784,ZAHT102,Universal,Anal,Interactivo,Dual Channel (0xD + 0xA),0,,https://image.zlmicro.com/images/product/20250715/20250715110514895.jpg,4,https://image.zlmicro.com/images/product/20250715/202507151105205138784.png,classic|finger|game|intera|music|shake|video,2.4G,158,No,0-255,77 62 4d 53 45,
8785,8785,YEHT021,Universal,Anal,Interactivo,Dual Channel (0xD + 0xA),0,,https://image.zlmicro.com/images/product/20231114/20231114095034101.jpg,4,https://image.zlmicro.com/images/product/qrcode/8785.png,classic|explore|finger|game|intera|music|shake|video,2.4G,14,No,0-255,77 62 4d 53 45,
8788,8788,AASJ274,Universal,Anal,Vibración,Dual Channel (0xD + 0xA),0,,https://image.zlmicro.com/images/product/20250718/20250718110200147.png,10,https://image.zlmicro.com/images/product/20250718/202507181102123458788.png,classic|finger|game|intera|music|shake|video,2.4G,170,No,0-255,77 62 4d 53 45,
8791,8791,ZAHT052,Universal,Anal,Interactivo,Dual Channel (0xD + 0xA),0,,https://image.zlmicro.com/images/product/20231208/20231208135849620.png,4,https://image.zlmicro.com/images/product/qrcode/8791.png,classic|explore|finger|game|intera|music|shake|video,2.4G,92,No,Estándar,77 62 4d 53 45,
8794,8794,23009,Universal,Anal,Interactivo,Dual Channel (0xD + 0xA),0, 23009,https://image.zlmicro.com/images/product/20230830/20230830141329895.png,3,https://image.zlmicro.com/images/product/qrcode/8794.png,classic|explore|finger|game|intera|music|shake|video,2.4G,24,No,0-255,77 62 4d 53 45,
8798,8798,AATD337,Universal,Anal,Interactivo,Dual Channel (0xD + 0xA),0,,https://image.zlmicro.com/images/product/20230612/20230612110502671.png,3,https://image.zlmicro.com/images/product/qrcode/8798.png,classic|explore|finger|game|intera|music|shake|video,2.4G,132,No,0-255,77 62 4d 53 45,
8800,8800,AAZD031,Universal,Anal,Interactivo,Dual Channel (0xD + 0xA),0,,https://image.zlmicro.com/images/product/20230407/20230407133606140.png,2,https://image.zlmicro.com/images/product/qrcode/8800.png,classic|explore|finger|game|intera|music|shake|video,2.4G,149,No,0-255,77 62 4d 53 45,
8802,8802,AASJ328,Universal,Anal,Vibración,Dual Channel (0xD + 0xA),0,,https://image.zlmicro.com/images/product/20251210/20251210135213521.jpg,10,https://image.zlmicro.com/images/product/20251210/202512101352204698802.png,classic|finger|game|intera|music|shake|video,2.4G,149,No,0-255,77 62 4d 53 45,
8804,8804,CAYJ008,Femenino,Anal,Interactivo,Dual Channel (0xD + 0xA),0,,https://image.zlmicro.com/images/product/20240708/20240708171324894.png,8,https://image.zlmicro.com/images/product/qrcode/8804.png,classic|explore|finger|game|heating|intera|music|shake|video,2.4G,299,No,0-255,77 62 4d 53 45,
8809,8809,AAGS143,Universal,Anal,Vibración,Dual Channel (0xD + 0xA),0,,https://image.zlmicro.com/images/product/20241115/20241115101341682.png,13,https://image.zlmicro.com/images/product/qrcode/8809.png,classic|explore|finger|game|intera|music|shake|video,2.4G,57,No,0-255,77 62 4d 53 45,
8811,8811,LCHT005,Universal,Anal,Interactivo,Dual Channel (0xD + 0xA),0,,https://image.zlmicro.com/images/product/20230822/20230822134726908.png,4,https://image.zlmicro.com/images/product/qrcode/8811.png,classic|explore|finger|game|intera|music|shake|video,2.4G,162,No,0-255,77 62 4d 53 45,
8815,8815,AATD593,Masculino,Anal,Interactivo,Dual Channel (0xD + 0xA),0,,https://image.zlmicro.com/images/product/20230310/20230310161219226.png,3,https://image.zlmicro.com/images/product/qrcode/8815.png,classic|explore|finger|game|intera|kegel|music|shake|trends|video,BLE,45,No,0-255,77 62 4d 53 45,
8819,8819,ZBZD005,Universal,Anal,Interactivo,Dual Channel (0xD + 0xA),0,,https://image.zlmicro.com/images/product/20240625/20240625113855077.png,2,https://image.zlmicro.com/images/product/qrcode/8819.png,classic|explore|finger|game|intera|music|shake|video,2.4G,124,No,0-255,77 62 4d 53 45,
8820,8820,AATD586,Universal,Anal,Interactivo,Dual Channel (0xD + 0xA),0,,https://image.zlmicro.com/images/product/20240621/20240621173151761.png,3,https://image.zlmicro.com/images/product/qrcode/8820.png,classic|explore|finger|game|intera|music|shake|video,2.4G,78,No,0-255,77 62 4d 53 45,
8823,8823,AAHT148,Universal,Anal,Interactivo,Dual Channel (0xD + 0xA),0,,https://image.zlmicro.com/images/product/20230626/20230626114808261.jpg,4,https://image.zlmicro.com/images/product/qrcode/8823.png,classic|explore|finger|game|intera|music|shake|video,2.4G,220,No,0-255,77 62 4d 53 45,
8824,8824,WFGS001,Universal,Anal,Vibración,Dual Channel (0xD + 0xA),0,,https://image.zlmicro.com/images/product/20230306/20230306154030510.png,13,https://image.zlmicro.com/images/product/qrcode/8824.png,classic|explore|finger|game|intera|music|shake|video,2.4G,184,No,0-255,77 62 4d 53 45,
8825,8825,Código Prueba Doble Motor Estándar,Femenino,Anal,Interactivo,Dual Channel (0xD + 0xA),0,标准双马达打样测试码,https://image.zlmicro.com/images/product/20220829/20220829120601099.png,3,https://image.zlmicro.com/images/product/qrcode/8825.png,classic|explore|finger|game|heating|intera|music|shake|video,2.4G,45,No,0-255,77 62 4d 53 45,
8828,8828,AAGS002,Universal,Anal,Vibración,Dual Channel (0xD + 0xA),0,,https://image.zlmicro.com/images/product/20251201/20251201140634726.png,13,https://image.zlmicro.com/images/product/20251201/202512011406425618828.png,classic|finger|game|intera|music|shake|video,2.4G,104,No,0-255,77 62 4d 53 45,
8830,8830,PN005,Universal,Anal,Interactivo,Dual Channel (0xD + 0xA),0,PN005,https://image.zlmicro.com/images/product/20220727/20220727095642946.png,3,https://image.zlmicro.com/images/product/qrcode/8830.png,classic|explore|finger|game|intera|music|shake|video,2.4G,110,No,0-255,77 62 4d 53 45,
8831,8831,优利卡-APP,Universal,Anal,Interactivo,Dual Channel (0xD + 0xA),0,优利卡-APP,https://image.zlmicro.com/images/product/20230506/20230506105440192.png,8,https://image.zlmicro.com/images/product/qrcode/8831.png,classic|explore|finger|game|intera|music|shake|video,2.4G,125,No,0-255,77 62 4d 53 45,
8834,8834,LATD008,Universal,Anal,Interactivo,Dual Channel (0xD + 0xA),0,,https://image.zlmicro.com/images/product/20231114/20231114114303297.jpg,3,https://image.zlmicro.com/images/product/qrcode/8834.png,classic|explore|finger|game|intera|music|shake|video,2.4G,117,No,0-255,77 62 4d 53 45,
8837,8837,AATD581,Universal,Anal,Interactivo,Dual Channel (0xD + 0xA),0,,https://image.zlmicro.com/images/product/20240619/20240619092114836.png,3,https://image.zlmicro.com/images/product/qrcode/8837.png,classic|explore|finger|game|intera|music|shake|video,2.4G,30,No,0-255,77 62 4d 53 45,
8838,8838,AATD373,Universal,Anal,Interactivo,Dual Channel (0xD + 0xA),0,,https://image.zlmicro.com/images/product/20230613/20230613150134190.jpg,3,https://image.zlmicro.com/images/product/qrcode/8838.png,classic|explore|finger|game|intera|music|shake|video,2.4G,99,No,0-255,77 62 4d 53 45,
8842,8842,Huevo Saltarín Cabeza Gato,Femenino,Anal,Interactivo,Dual Channel (0xD + 0xA),0, 猫头跳蛋,https://image.zlmicro.com/images/product/20240417/20240417143816224.png,3,https://image.zlmicro.com/images/product/qrcode/8842.png,classic|explore|finger|game|intera|music|shake|video,2.4G,8,No,0-255,77 62 4d 53 45,
8848,8848,AAZD209,Universal,Anal,Interactivo,Dual Channel (0xD + 0xA),0,,https://image.zlmicro.com/images/product/20251111/20251111092407772.png,2,https://image.zlmicro.com/images/product/20251111/202511110924133488848.png,classic|finger|game|intera|music|shake|video,2.4G,104,No,0-255,77 62 4d 53 45,
8849,8849,0067,Universal,Anal,Interactivo,Dual Channel (0xD + 0xA),0,0067,https://image.zlmicro.com/images/product/20220426/20220426113539880.png,3,https://image.zlmicro.com/images/product/qrcode/8849.png,classic|explore|finger|game|intera|music|shake|video,2.4G,92,No,0-255,77 62 4d 53 45,
8852,8852,ZASJ078,Universal,Anal,Vibración,Dual Channel (0xD + 0xA),0,,https://image.zlmicro.com/images/product/20251023/20251023101712350.png,10,https://image.zlmicro.com/images/product/20251023/202510231017297668852.png,classic|finger|game|intera|music|shake|video,2.4G,362,No,0-255,77 62 4d 53 45,
8853,8853,AAHT231,Femenino,Anal,Interactivo,Dual Channel (0xD + 0xA),0,,https://image.zlmicro.com/images/product/20230410/20230410105523857.png,4,https://image.zlmicro.com/images/product/qrcode/8853.png,classic|explore|finger|game|heating|intera|music|shake|video,2.4G,193,No,0-255,77 62 4d 53 45,
8854,8854,AASJ207,Universal,Anal,Vibración,Dual Channel (0xD + 0xA),0,,https://image.zlmicro.com/images/product/20241017/20241017102613838.jpg,10,https://image.zlmicro.com/images/product/qrcode/8854.png,classic|explore|finger|game|intera|music|shake|video,2.4G,322,No,0-255,77 62 4d 53 45,
8857,8857,AASJ272,Universal,Anal,Vibración,Dual Channel (0xD + 0xA),0,,https://image.zlmicro.com/images/product/20250718/20250718105258979.png,10,https://image.zlmicro.com/images/product/20250718/202507181053047328857.png,classic|finger|game|intera|music|shake|video,2.4G,228,No,0-255,77 62 4d 53 45,
8870,8870,Rey del Ano,Universal,Anal,Interactivo,Dual Channel (0xD + 0xA),0,后庭王者,https://image.zlmicro.com/images/product/20220228/20220228145604612.jpg,4,https://image.zlmicro.com/images/product/qrcode/8870.png,classic|explore|finger|game|intera|music|shake|video,2.4G,91,No,0-255,77 62 4d 53 45,
8873,8873,JBTD003,Universal,Anal,Interactivo,Dual Channel (0xD + 0xA),0,,https://image.zlmicro.com/images/product/20250320/20250320113824762.png,3,https://image.zlmicro.com/images/product/qrcode/8873.png,classic|finger|game|intera|music|shake|video,2.4G,19,No,Estándar,77 62 4d 53 45,
8874,8874,AAHT002,Universal,Anal,Interactivo,Dual Channel (0xD + 0xA),0,,https://image.zlmicro.com/images/product/20250814/20250814153846963.png,4,https://image.zlmicro.com/images/product/20250814/202508141538586078874.png,classic|finger|game|intera|music|shake|video,2.4G,158,No,0-255,77 62 4d 53 45,
8875,8875,ZAHT058,Universal,Anal,Interactivo,Dual Channel (0xD + 0xA),0,,https://image.zlmicro.com/images/product/20231123/20231123115058182.png,4,https://image.zlmicro.com/images/product/qrcode/8875.png,classic|explore|finger|game|intera|music|shake|video,2.4G,157,No,0-255,77 62 4d 53 45,
8880,8880,AKSM-Xman023,Universal,Anal,Interactivo,Dual Channel (0xD + 0xA),0,AKSM-Xman023,https://image.zlmicro.com/images/product/20240316/20240316095909360.png,3,https://image.zlmicro.com/images/product/qrcode/8880.png,classic|explore|finger|game|intera|music|shake|video,2.4G,234,No,0-255,77 62 4d 53 45,
8884,8884,舌舔QZ-001,Universal,Anal,Interactivo,Dual Channel (0xD + 0xA),0,舌舔QZ-001,https://image.zlmicro.com/images/product/20230106/20230106105522931.png,3,https://image.zlmicro.com/images/product/qrcode/8884.png,classic|explore|finger|game|intera|music|shake|video,2.4G,173,No,0-255,77 62 4d 53 45,
8885,8885,AATD534,Universal,Anal,Interactivo,Dual Channel (0xD + 0xA),0,,https://image.zlmicro.com/images/product/20240407/20240407101400055.png,3,https://image.zlmicro.com/images/product/qrcode/8885.png,classic|explore|finger|game|intera|music|shake|video,2.4G,170,No,0-255,77 62 4d 53 45,
8887,8887,RPSJ004,Universal,Anal,Vibración,Dual Channel (0xD + 0xA),0,,https://image.zlmicro.com/images/product/20250619/20250619115914256.jpg,10,https://image.zlmicro.com/images/product/20250619/202506191046255308887.png,classic|finger|game|intera|music|shake|video,2.4G,107,No,0-255,77 62 4d 53 45,
8888,8888,AAGS098,Universal,Anal,Vibración,Dual Channel (0xD + 0xA),0,,https://image.zlmicro.com/images/product/20231214/20231214094616211.jpg,13,https://image.zlmicro.com/images/product/qrcode/8888.png,classic|explore|finger|game|intera|music|shake|video,2.4G,104,No,0-255,77 62 4d 53 45,
8889,8889,ZASJ059,Universal,Anal,Vibración,Dual Channel (0xD + 0xA),0,,https://image.zlmicro.com/images/product/20250310/20250310141254575.png,10,https://image.zlmicro.com/images/product/qrcode/8889.png,classic|finger|game|intera|music|shake|video,2.4G,118,No,0-255,77 62 4d 53 45,
8891,8891,MQ-005,Universal,Anal,Vibración,Dual Channel (0xD + 0xA),0,MQ-005,https://image.zlmicro.com/images/product/20230706/20230706133308305.png,10,https://image.zlmicro.com/images/product/qrcode/8891.png,classic|explore|finger|game|intera|music|shake|video,2.4G,20,No,0-255,77 62 4d 53 45,
8892,8892,AS-AS433,Universal,Anal,Interactivo,Dual Channel (0xD + 0xA),0,AS-AS433,https://image.zlmicro.com/images/product/20230529/20230529113545324.png,2,https://image.zlmicro.com/images/product/qrcode/8892.png,classic|explore|finger|game|intera|music|shake|video,2.4G,27,No,0-255,77 62 4d 53 45,
8893,8893,AATD564,Universal,Anal,Interactivo,Dual Channel (0xD + 0xA),0,,https://image.zlmicro.com/images/product/20240521/20240521110039286.png,3,https://image.zlmicro.com/images/product/qrcode/8893.png,classic|explore|finger|game|intera|music|shake|video,2.4G,170,No,0-255,77 62 4d 53 45,
8894,8894,AAHT312,Universal,Anal,Interactivo,Dual Channel (0xD + 0xA),0,,https://image.zlmicro.com/images/product/20241112/20241112092120466.png,4,https://image.zlmicro.com/images/product/qrcode/8894.png,classic|explore|finger|game|intera|music|shake|video|voice,2.4G,327,No,0-255,77 62 4d 53 45,
8895,8895,XCM-202,Universal,Anal,Interactivo,Dual Channel (0xD + 0xA),0,XCM-202,https://image.zlmicro.com/images/product/20230608/20230608115035210.jpg,2,https://image.zlmicro.com/images/product/qrcode/8895.png,classic|explore|finger|game|intera|music|shake|video,2.4G,76,No,0-255,77 62 4d 53 45,
8897,8897,ZAHT082,Universal,Anal,Interactivo,Dual Channel (0xD + 0xA),0,,https://image.zlmicro.com/images/product/20250224/20250224110238042.jpg,4,https://image.zlmicro.com/images/product/qrcode/8897.png,classic|finger|game|intera|music|shake|video,2.4G,110,No,0-255,77 62 4d 53 45,
8898,8898,Doble Bola,Universal,Anal,Interactivo,Dual Channel (0xD + 0xA),0,双球,https://image.zlmicro.com/images/product/20211014/20211014112825593.png,3,https://image.zlmicro.com/images/product/qrcode/8898.png,classic|explore|finger|game|intera|music|video,2.4G,50,No,0-255,77 62 4b 96 65,
8899,8899,AATD222,Universal,Anal,Interactivo,Dual Channel (0xD + 0xA),0,,https://image.zlmicro.com/images/product/20230228/20230228173015785.jpg,3,https://image.zlmicro.com/images/product/qrcode/8899.png,classic|explore|finger|game|intera|music|shake|video,2.4G,177,No,0-255,77 62 4d 53 45,
8900,8900,CD35,Universal,Anal,Interactivo,Dual Channel (0xD + 0xA),0,CD35,https://image.zlmicro.com/images/product/20230216/20230216164655458.png,4,https://image.zlmicro.com/images/product/qrcode/8900.png,classic|explore|finger|game|intera|music|shake|video,2.4G,76,No,0-255,77 62 4d 53 45,
8901,8901,HESJ017,Universal,Anal,Vibración,Dual Channel (0xD + 0xA),0,,https://image.zlmicro.com/images/product/20230713/20230713164251961.png,10,https://image.zlmicro.com/images/product/qrcode/8901.png,classic|explore|finger|game|intera|music|shake|video,2.4G,157,No,0-255,77 62 4d 53 45,
8903,8903,YDTD005,Universal,Anal,Interactivo,Dual Channel (0xD + 0xA),0,,https://image.zlmicro.com/images/product/20230811/20230811133815220.png,3,https://image.zlmicro.com/images/product/qrcode/8903.png,classic|explore|finger|game|intera|music|shake|video,2.4G,117,No,0-255,77 62 4d 53 45,
8909,8909,YDGS002,Universal,Anal,Vibración,Dual Channel (0xD + 0xA),0,,https://image.zlmicro.com/images/product/20230816/20230816115114798.jpg,13,https://image.zlmicro.com/images/product/qrcode/8909.png,classic|explore|finger|game|intera|music|shake|video,2.4G,145,No,0-255,77 62 4d 53 45,
8912,8912,AAZD028,Universal,Anal,Interactivo,Dual Channel (0xD + 0xA),0,,https://image.zlmicro.com/images/product/20230329/20230329174857722.png,2,https://image.zlmicro.com/images/product/qrcode/8912.png,classic|explore|finger|game|intera|music|shake|video,2.4G,22,No,0-255,77 62 4d 53 45,
8915,8915,ZATD022,Universal,Anal,Interactivo,Dual Channel (0xD + 0xA),0,,https://image.zlmicro.com/images/product/20221110/20221110113934848.png,3,https://image.zlmicro.com/images/product/qrcode/8915.png,classic|explore|finger|game|intera|music|shake|video,2.4G,48,No,0-255,77 62 4d 53 45,
8923,8923,AAZD105,Universal,Anal,Interactivo,Dual Channel (0xD + 0xA),0,,https://image.zlmicro.com/images/product/20240614/20240614095032736.jpg,2,https://image.zlmicro.com/images/product/qrcode/8923.png,classic|explore|finger|game|intera|music|shake|video,2.4G,291,No,0-255,77 62 4d 53 45,
8925,8925,XMAN022,Universal,Anal,Vibración,Dual Channel (0xD + 0xA),0,XMAN022,https://image.zlmicro.com/images/product/20231106/20231106111559084.jpg,10,https://image.zlmicro.com/images/product/qrcode/8925.png,classic|explore|finger|game|intera|music|shake|video,2.4G,234,No,0-255,77 62 4d 53 45,
8929,8929,AASJ261,Universal,Anal,Vibración,Dual Channel (0xD + 0xA),0,,https://image.zlmicro.com/images/product/20250606/20250606161135094.png,10,https://image.zlmicro.com/images/product/20250606/202506061611421458929.png,classic|finger|game|intera|music|shake|video,2.4G,158,No,0-255,77 62 4d 53 45,
8934,8934,XDTD002,Universal,Anal,Interactivo,Dual Channel (0xD + 0xA),0,,https://image.zlmicro.com/images/product/20230919/20230919112946108.png,3,https://image.zlmicro.com/images/product/qrcode/8934.png,classic|explore|finger|game|intera|music|shake|video,2.4G,24,No,0-255,77 62 4d 53 45,
8935,8935,Pequeño Delfín,Universal,Anal,Interactivo,Dual Channel (0xD + 0xA),0,小海豚,https://image.zlmicro.com/images/product/20230417/20230417110241382.png,3,https://image.zlmicro.com/images/product/qrcode/8935.png,classic|explore|finger|game|intera|music|shake|video,2.4G,151,No,0-255,77 62 4d 53 45,
8937,8937,AAGS142,Universal,Anal,Vibración,Dual Channel (0xD + 0xA),0,,https://image.zlmicro.com/images/product/20241101/20241101115108549.png,13,https://image.zlmicro.com/images/product/qrcode/8937.png,classic|explore|finger|game|intera|music|shake|video,2.4G,303,No,0-255,77 62 4d 53 45,
8939,8939,AAGS002,Universal,Anal,Vibración,Dual Channel (0xD + 0xA),0,,https://image.zlmicro.com/images/product/20251112/20251112111343951.jpg,13,https://image.zlmicro.com/images/product/20251112/202511121114044878939.png,classic|finger|game|intera|music|shake|video,2.4G,370,No,0-255,77 62 4d 53 45,
8940,8940,RASJ006,Universal,Anal,Vibración,Dual Channel (0xD + 0xA),0,,https://image.zlmicro.com/images/product/20230724/20230724141204238.png,10,https://image.zlmicro.com/images/product/qrcode/8940.png,classic|explore|finger|game|intera|music|shake|video,2.4G,157,No,0-255,77 62 4d 53 45,
8941,8941,PCBA-FYX-LV610(CD-C2)-M,Universal,Anal,Interactivo,Dual Channel (0xD + 0xA),0,PCBA-FYX-LV610(CD-C2)-M,https://image.zlmicro.com/images/product/20221221/20221221143035153.png,4,https://image.zlmicro.com/images/product/qrcode/8941.png,classic|explore|finger|game|intera|music|shake|video,2.4G,169,No,0-255,77 62 4d 53 45,
8942,8942,AAZD118,Femenino,Anal,Interactivo,Dual Channel (0xD + 0xA),0,,https://image.zlmicro.com/images/product/20240914/20240914163429563.png,2,https://image.zlmicro.com/images/product/qrcode/8942.png,classic|explore|finger|game|heating|intera|music|shake|video,2.4G,8,No,Estándar,77 62 4d 53 45,
8945,8945,Xi Bao,Universal,Anal,Interactivo,Dual Channel (0xD + 0xA),0,喜宝,https://image.zlmicro.com/images/product/20260303/20260303145346387.png,3,https://image.zlmicro.com/images/product/20260303/202603031453533798945.png,classic|finger|game|intera|music|shake|video,2.4G,253,No,0-255,77 62 4d 53 45,
8947,8947,ZASJ040,Universal,Anal,Vibración,Dual Channel (0xD + 0xA),0,,https://image.zlmicro.com/images/product/20240814/20240814094256402.png,10,https://image.zlmicro.com/images/product/qrcode/8947.png,classic|explore|finger|game|intera|music|shake|video,2.4G,158,No,0-255,77 62 4d 53 45,
8949,8949,AATD343,Universal,Anal,Interactivo,Dual Channel (0xD + 0xA),0,,https://image.zlmicro.com/images/product/20230619/20230619145958848.png,3,https://image.zlmicro.com/images/product/qrcode/8949.png,classic|explore|finger|game|intera|music|shake|tot|video,BLE,192,No,0-255,77 62 4d 53 45,WB-FJB
8952,8952,B05,Universal,Anal,Vibración,Dual Channel (0xD + 0xA),0,B05,https://image.zlmicro.com/images/product/20230629/20230629144842811.png,10,https://image.zlmicro.com/images/product/qrcode/8952.png,classic|explore|finger|game|intera|music|shake|video,2.4G,118,No,0-255,77 62 4d 53 45,
8958,8958,AAGS104,Universal,Anal,Vibración,Dual Channel (0xD + 0xA),0,,https://image.zlmicro.com/images/product/20240221/20240221094311312.png,13,https://image.zlmicro.com/images/product/qrcode/8958.png,classic|explore|finger|game|intera|music|shake|video,2.4G,228,No,0-255,77 62 4d 53 45,
8971,8971,AATD003,Universal,Anal,Interactivo,Dual Channel (0xD + 0xA),0,,https://image.zlmicro.com/images/product/20250718/20250718105322894.png,3,https://image.zlmicro.com/images/product/20250718/202507181053304518971.png,classic|finger|game|intera|music|shake|video|voice,2.4G,124,No,0-255,77 62 4d 53 45,
8980,8980,AAAA106,Universal,Anal,Interactivo,Dual Channel (0xD + 0xA),0,,,0,https://image.zlmicro.com/images/product/qrcode/8980.png,classic|explore|finger|game|intera|music|shake|video,2.4G,192,No,Estándar,77 62 4d 53 45,
8981,8981,AAHT002,Universal,Anal,Interactivo,Dual Channel (0xD + 0xA),0,,https://image.zlmicro.com/images/product/20260121/20260121100638742.png,4,https://image.zlmicro.com/images/product/20260121/202601211006512968981.png,classic|finger|game|intera|music|shake|video,2.4G,303,No,0-255,77 62 4d 53 45,
8984,8984,AATD233,Universal,Anal,Interactivo,Dual Channel (0xD + 0xA),0,,https://image.zlmicro.com/images/product/20230310/20230310162124714.jpg,3,https://image.zlmicro.com/images/product/qrcode/8984.png,classic|explore|finger|game|intera|music|shake|video,2.4G,189,No,0-255,77 62 4d 53 45,
8987,8987,AATD320,Universal,Anal,Interactivo,Dual Channel (0xD + 0xA),0,,https://image.zlmicro.com/images/product/20230531/20230531103500991.png,3,https://image.zlmicro.com/images/product/qrcode/8987.png,classic|explore|finger|game|intera|music|shake|video,2.4G,55,No,0-255,77 62 4d 53 45,
8988,8988,FJ001,Universal,Anal,Interactivo,Dual Channel (0xD + 0xA),0,,https://image.zlmicro.com/images/product/20240813/20240813155551572.png,1,https://image.zlmicro.com/images/product/qrcode/8988.png,classic|explore|finger|game|intera|music|shake|video,2.4G,30,No,Estándar,77 62 4d 53 45,
8989,8989,AATD686,Universal,Anal,Interactivo,Dual Channel (0xD + 0xA),0,,https://image.zlmicro.com/images/product/20241011/20241011092616240.png,3,https://image.zlmicro.com/images/product/qrcode/8989.png,classic|explore|finger|game|intera|music|shake|video,2.4G,132,No,0-255,77 62 4d 53 45,
8995,8995,YCSJ007,Universal,Anal,Vibración,Dual Channel (0xD + 0xA),0,,https://image.zlmicro.com/images/product/20240830/20240830172854562.png,10,https://image.zlmicro.com/images/product/qrcode/8995.png,classic|explore|finger|game|intera|music|shake|video|voice,2.4G,30,No,0-255,77 62 4d 53 45,
8998,8998,JBTD002,Universal,Anal,Interactivo,Dual Channel (0xD + 0xA),0,,https://image.zlmicro.com/images/product/20250320/20250320113847554.png,3,https://image.zlmicro.com/images/product/qrcode/8998.png,classic|finger|game|intera|music|shake|video,2.4G,19,No,Estándar,77 62 4d 53 45,
